Time;CH 1 Object Temperature;CH 1 Actual Output Current;CH 1 Actual Output Voltage
2024-08-01 12:52:59;23.618301391601562;-0.0006122589111328125;-0.008355570025742054
2024-08-01 12:53:00;23.617996215820312;0.06096496805548668;0.1686282753944397
2024-08-01 12:53:01;23.611343383789062;0.08325081318616867;0.23008903861045837
2024-08-01 12:53:02;23.597122192382812;0.10775070637464523;0.3048247694969177
2024-08-01 12:53:03;23.576553344726562;0.13596421480178833;0.39371761679649353
2024-08-01 12:53:04;23.546737670898438;0.17257805168628693;0.5212872624397278
2024-08-01 12:53:05;23.510360717773438;0.2120712399482727;0.6304542422294617
2024-08-01 12:53:06;23.459182739257812;0.2351856380701065;0.7155821323394775
2024-08-01 12:53:07;23.397262573242188;0.27796974778175354;0.8390599489212036
2024-08-01 12:53:08;23.331130981445312;0.3070506751537323;0.9396229386329651
2024-08-01 12:53:09;23.248519897460938;0.3448924720287323;1.0573484897613525
2024-08-01 12:53:10;23.155502319335938;0.3724927008152008;1.159237265586853
2024-08-01 12:53:11;23.060256958007812;0.4029579758644104;1.2690925598144531
2024-08-01 12:53:12;22.945632934570312;0.4367915391921997;1.3807408809661865
2024-08-01 12:53:13;22.832687377929688;0.45392847061157227;1.4537700414657593
2024-08-01 12:53:14;22.699630737304688;0.4737771153450012;1.5604960918426514
2024-08-01 12:53:16;22.559951782226562;0.5033397674560547;1.6259840726852417
2024-08-01 12:53:17;22.423141479492188;0.5543922185897827;1.7864748239517212
2024-08-01 12:53:18;22.265304565429688;0.5847436785697937;1.8896392583847046
2024-08-01 12:53:19;22.114608764648438;0.6008040904998779;1.9608170986175537
2024-08-01 12:53:20;21.943618774414062;0.6404409408569336;2.0866124629974365
2024-08-01 12:53:21;21.764816284179688;0.6598294377326965;2.1678450107574463
2024-08-01 12:53:22;21.596389770507812;0.7066433429718018;2.3049285411834717
2024-08-01 12:53:23;21.403244018554688;0.7343078851699829;2.401855707168579
2024-08-01 12:53:24;21.222732543945312;0.7760565280914307;2.538059949874878
2024-08-01 12:53:25;21.016677856445312;0.8006995916366577;2.6331889629364014
2024-08-01 12:53:26;20.804611206054688;0.826332688331604;2.7536211013793945
2024-08-01 12:53:27;20.584457397460938;0.8575922250747681;2.8459877967834473
2024-08-01 12:53:28;20.380294799804688;0.8903836011886597;2.9611732959747314
2024-08-01 12:53:29;20.149246215820312;0.9234195351600647;3.0824601650238037
2024-08-01 12:53:30;19.932296752929688;0.9467101693153381;3.157207489013672
2024-08-01 12:53:31;19.690597534179688;0.9856271147727966;3.277801990509033
2024-08-01 12:53:32;19.443191528320312;1.0124355554580688;3.3715620040893555
2024-08-01 12:53:34;19.217178344726562;1.0740807056427002;3.5631027221679688
2024-08-01 12:53:35;18.959793090820312;1.095535159111023;3.617522716522217
2024-08-01 12:53:36;18.699905395507812;1.1314562559127808;3.7682125568389893
2024-08-01 12:53:37;18.458358764648438;1.128467082977295;3.791606903076172
2024-08-01 12:53:38;18.192886352539062;1.10967218875885;3.7724432945251465
2024-08-01 12:53:39;17.928421020507812;1.1024807691574097;3.767406940460205
2024-08-01 12:53:40;17.690292358398438;1.085498332977295;3.7200753688812256
2024-08-01 12:53:41;17.434249877929688;1.0735903978347778;3.6894948482513428
2024-08-01 12:53:42;17.209976196289062;1.071646809577942;3.6934492588043213
2024-08-01 12:53:43;16.969924926757812;1.0690540075302124;3.6838111877441406
2024-08-01 12:53:44;16.735733032226562;1.0418621301651;3.625697374343872
2024-08-01 12:53:45;16.529830932617188;1.0337717533111572;3.6064651012420654
2024-08-01 12:53:46;16.310348510742188;1.000160574913025;3.523519277572632
2024-08-01 12:53:47;16.117416381835938;1.0096348524093628;3.532257318496704
2024-08-01 12:53:48;15.912124633789062;0.9761621356010437;3.451362133026123
2024-08-01 12:53:49;15.717117309570312;0.966524600982666;3.410449981689453
2024-08-01 12:53:50;15.542922973632812;0.9549397230148315;3.322265148162842
2024-08-01 12:53:51;15.363479614257812;0.9243887066841125;3.2878432273864746
2024-08-01 12:53:53;15.205184936523438;0.8927412033081055;3.2120540142059326
2024-08-01 12:53:54;15.039688110351562;0.8941507935523987;3.19842791557312
2024-08-01 12:53:55;14.880905151367188;0.872368335723877;3.132624626159668
2024-08-01 12:53:56;14.745956420898438;0.8565334677696228;3.1024765968322754
2024-08-01 12:53:57;14.604110717773438;0.8377517461776733;3.0216262340545654
2024-08-01 12:53:58;14.468185424804688;0.8076384663581848;2.9337239265441895
2024-08-01 12:53:59;14.351760864257812;0.7621442079544067;2.8010706901550293
2024-08-01 12:54:00;14.234207153320312;0.7564911842346191;2.766096591949463
2024-08-01 12:54:01;14.124862670898438;0.7266061305999756;2.6657488346099854
2024-08-01 12:54:02;14.033767700195312;0.7116678357124329;2.5525238513946533
2024-08-01 12:54:03;13.941757202148438;0.6749202013015747;2.4761619567871094
2024-08-01 12:54:04;13.860916137695312;0.6440814137458801;2.4065749645233154
2024-08-01 12:54:05;13.793869018554688;0.6062154769897461;2.3010201454162598
2024-08-01 12:54:06;13.729080200195312;0.5840014219284058;2.222498893737793
2024-08-01 12:54:07;13.678115844726562;0.5407741665840149;2.091402053833008
2024-08-01 12:54:08;13.633651733398438;0.5306465029716492;2.0340523719787598
2024-08-01 12:54:09;13.597366333007812;0.4990575313568115;1.9359833002090454
2024-08-01 12:54:11;13.573532104492188;0.4587671756744385;1.8276301622390747
2024-08-01 12:54:12;13.556991577148438;0.4282803535461426;1.7287275791168213
2024-08-01 12:54:13;13.550949096679688;0.39424368739128113;1.6149400472640991
2024-08-01 12:54:14;13.553329467773438;0.373770534992218;1.566171407699585
2024-08-01 12:54:15;13.562850952148438;0.406176894903183;1.60935378074646
2024-08-01 12:54:16;13.574905395507812;0.41197067499160767;1.6159542798995972
2024-08-01 12:54:17;13.586013793945312;0.39870595932006836;1.5779874324798584
2024-08-01 12:54:18;13.597091674804688;0.4132049083709717;1.6130183935165405
2024-08-01 12:54:19;13.607254028320312;0.4305478632450104;1.6211251020431519
2024-08-01 12:54:20;13.616714477539062;0.3984741270542145;1.5747240781784058
2024-08-01 12:54:21;13.623184204101562;0.4420190751552582;1.6855441331863403
2024-08-01 12:54:22;13.626632690429688;0.4303411543369293;1.650353193283081
2024-08-01 12:54:23;13.630844116210938;0.43489423394203186;1.6693429946899414
2024-08-01 12:54:24;13.630844116210938;0.4285275340080261;1.6434327363967896
2024-08-01 12:54:25;13.630294799804688;0.4229067862033844;1.6374843120574951
2024-08-01 12:54:26;13.628433227539062;0.41994917392730713;1.6322975158691406
2024-08-01 12:54:27;13.626724243164062;0.4317428171634674;1.6575438976287842
2024-08-01 12:54:28;13.625320434570312;0.4348251521587372;1.666516661643982
2024-08-01 12:54:30;13.622817993164062;0.4253556430339813;1.6212079524993896
2024-08-01 12:54:31;13.620468139648438;0.43076369166374207;1.6543529033660889
2024-08-01 12:54:32;13.619491577148438;0.426080584526062;1.6431801319122314
2024-08-01 12:54:33;13.617599487304688;0.42908674478530884;1.6469321250915527
2024-08-01 12:54:34;13.616378784179688;0.4248025715351105;1.6369932889938354
2024-08-01 12:54:35;13.616561889648438;0.46059948205947876;1.7278273105621338
2024-08-01 12:54:36;13.614089965820312;0.452379435300827;1.736249327659607
2024-08-01 12:54:37;13.608566284179688;0.48378509283065796;1.7950546741485596
2024-08-01 12:54:38;13.594863891601562;0.5285953879356384;1.9205435514450073
2024-08-01 12:54:39;13.570327758789062;0.5687965154647827;2.0363287925720215
2024-08-01 12:54:40;13.544845581054688;0.6175623536109924;2.1845271587371826
2024-08-01 12:54:41;13.505630493164062;0.6562049984931946;2.315221071243286
2024-08-01 12:54:42;13.451736450195312;0.6819759607315063;2.3906362056732178
2024-08-01 12:54:43;13.391921997070312;0.719277560710907;2.5079288482666016
2024-08-01 12:54:44;13.318161010742188;0.773949146270752;2.676238775253296
2024-08-01 12:54:45;13.231643676757812;0.805838406085968;2.7922251224517822
2024-08-01 12:54:46;13.145065307617188;0.8465993404388428;2.9401018619537354
2024-08-01 12:54:47;13.038436889648438;0.8778418898582458;3.0526034832000732
2024-08-01 12:54:49;12.932937622070312;0.937906801700592;3.217954397201538
2024-08-01 12:54:50;12.807113647460938;0.967317521572113;3.319727897644043
2024-08-01 12:54:51;12.672653198242188;1.0211127996444702;3.485651731491089
2024-08-01 12:54:52;12.545516967773438;1.0613842010498047;3.637377977371216
2024-08-01 12:54:53;12.394515991210938;1.0897358655929565;3.7241156101226807
2024-08-01 12:54:54;12.249465942382812;1.1264063119888306;3.8607327938079834
2024-08-01 12:54:55;12.081985473632812;1.1661466360092163;3.9943110942840576
2024-08-01 12:54:56;11.907485961914062;1.2087284326553345;4.114799499511719
2024-08-01 12:54:57;11.743026733398438;1.2142540216445923;4.168724060058594
2024-08-01 12:54:58;11.558395385742188;1.167567253112793;4.0673370361328125
2024-08-01 12:54:59;11.393234252929688;1.1406530141830444;4.020698547363281
2024-08-01 12:55:00;11.218276977539062;1.1095107793807983;3.932785987854004
2024-08-01 12:55:01;11.051467895507812;1.0607157945632935;3.8104336261749268
2024-08-01 12:55:02;10.911453247070312;1.0165724754333496;3.688640594482422
2024-08-01 12:55:03;10.766464233398438;0.989336371421814;3.5998923778533936
2024-08-01 12:55:04;10.634719848632812;0.963992178440094;3.528393268585205
2024-08-01 12:55:05;10.526626586914062;0.9329704642295837;3.4356889724731445
2024-08-01 12:55:07;10.417953491210938;0.865081787109375;3.246356248855591
2024-08-01 12:55:08;10.321334838867188;0.8691012263298035;3.2245254516601562
2024-08-01 12:55:09;10.244583129882812;0.837850034236908;3.0616538524627686
2024-08-01 12:55:10;10.173080444335938;0.8182862997055054;3.0474536418914795
2024-08-01 12:55:11;10.116134643554688;0.7812294960021973;2.956861734390259
2024-08-01 12:55:12;10.062789916992188;0.7466525435447693;2.841057300567627
2024-08-01 12:55:13;10.015579223632812;0.7030342817306519;2.6914806365966797
2024-08-01 12:55:14;9.984085083007812;0.6769330501556396;2.6012909412384033
2024-08-01 12:55:15;9.958786010742188;0.6560238599777222;2.534332513809204
2024-08-01 12:55:16;9.942733764648438;0.6089473366737366;2.4114508628845215
2024-08-01 12:55:17;9.933670043945312;0.5918405652046204;2.3351457118988037
2024-08-01 12:55:18;9.932266235351562;0.5254529714584351;2.1501574516296387
2024-08-01 12:55:19;9.938980102539062;0.5684316754341125;2.2314698696136475
2024-08-01 12:55:20;9.953353881835938;0.5833292007446289;2.262561321258545
2024-08-01 12:55:21;9.967361450195312;0.6196886301040649;2.3243393898010254
2024-08-01 12:55:22;9.978897094726562;0.6116952300071716;2.3180413246154785
2024-08-01 12:55:23;9.988845825195312;0.5997185111045837;2.289536476135254
2024-08-01 12:55:24;9.996261596679688;0.6028971672058105;2.2939655780792236
2024-08-01 12:55:26;10.004592895507812;0.6182568669319153;2.3223772048950195
2024-08-01 12:55:27;10.009963989257812;0.6164513230323792;2.332521438598633
2024-08-01 12:55:28;10.012313842773438;0.605476975440979;2.3100531101226807
2024-08-01 12:55:29;10.010147094726562;0.5865438580513;2.2613415718078613
2024-08-01 12:55:30;10.007278442382812;0.5796394348144531;2.241894483566284
2024-08-01 12:55:31;10.006698608398438;0.6013256907463074;2.2931454181671143
2024-08-01 12:55:32;10.002426147460938;0.5809955596923828;2.2412729263305664
2024-08-01 12:55:33;10.000503540039062;0.5934578776359558;2.2617580890655518
2024-08-01 12:55:34;10.002761840820312;0.6071437001228333;2.3001461029052734
2024-08-01 12:55:35;10.000045776367188;0.5774447321891785;2.231630325317383
2024-08-01 12:55:36;10.000839233398438;0.6075522899627686;2.3026580810546875
2024-08-01 12:55:37;10.000747680664062;0.6017207503318787;2.28958797454834
2024-08-01 12:55:38;10.001174926757812;0.595504641532898;2.274487257003784
2024-08-01 12:55:39;10.003829956054688;0.621264636516571;2.336383104324341
2024-08-01 12:55:40;10.003433227539062;0.6124585270881653;2.317824363708496
2024-08-01 12:55:41;10.003097534179688;0.5996592044830322;2.2994492053985596
2024-08-01 12:55:42;10.003890991210938;0.6098125576972961;2.3133950233459473
2024-08-01 12:55:43;10.004318237304688;0.6143537759780884;2.326035737991333
2024-08-01 12:55:45;10.003677368164062;0.6109676957130432;2.3186872005462646
2024-08-01 12:55:46;10.003952026367188;0.6204358339309692;2.3442182540893555
2024-08-01 12:55:47;10.001419067382812;0.6009845733642578;2.2987539768218994
2024-08-01 12:55:48;9.998977661132812;0.5814791321754456;2.250988721847534
2024-08-01 12:55:49;9.997634887695312;0.6004063487052917;2.2872636318206787
2024-08-01 12:55:50;9.995346069335938;0.5854859948158264;2.255281448364258
2024-08-01 12:55:51;9.994827270507812;0.5934244394302368;2.2683823108673096
2024-08-01 12:55:52;9.992965698242188;0.6025206446647644;2.286639451980591
2024-08-01 12:55:53;9.993148803710938;0.5859033465385437;2.2361862659454346
2024-08-01 12:55:54;9.996078491210938;0.5970682501792908;2.274127721786499
2024-08-01 12:55:55;9.997238159179688;0.6006185412406921;2.2822766304016113
2024-08-01 12:55:56;9.997940063476562;0.6036406755447388;2.287306070327759
2024-08-01 12:55:57;9.996932983398438;0.5910057425498962;2.256007194519043
2024-08-01 12:55:58;9.998611450195312;0.6156971454620361;2.2892918586730957
2024-08-01 12:55:59;9.999221801757812;0.5940749049186707;2.2644202709198
2024-08-01 12:56:00;9.999710083007812;0.606334388256073;2.2922801971435547
2024-08-01 12:56:01;9.999649047851562;0.595395565032959;2.2667171955108643
2024-08-01 12:56:02;9.999923706054688;0.602626383304596;2.2818493843078613
2024-08-01 12:56:04;10.000350952148438;0.6018755435943604;2.2914185523986816
2024-08-01 12:56:05;10.001480102539062;0.5967382192611694;2.2708165645599365
2024-08-01 12:56:06;10.000747680664062;0.5956478118896484;2.265434741973877
2024-08-01 12:56:07;10.001480102539062;0.5966378450393677;2.2702596187591553
2024-08-01 12:56:08;10.001815795898438;0.5807614922523499;2.2373008728027344
2024-08-01 12:56:09;10.000900268554688;0.5825567841529846;2.2524073123931885
2024-08-01 12:56:10;10.000686645507812;0.5928734540939331;2.2635838985443115
2024-08-01 12:56:11;10.001998901367188;0.6017485857009888;2.2853994369506836
2024-08-01 12:56:12;10.002670288085938;0.5923247933387756;2.266066789627075
2024-08-01 12:56:13;10.004409790039062;0.6159530282020569;2.3212413787841797
2024-08-01 12:56:14;10.004776000976562;0.6151376962661743;2.3205487728118896
2024-08-01 12:56:15;10.006179809570312;0.6125376224517822;2.321767568588257
2024-08-01 12:56:16;10.005386352539062;0.6296997666358948;2.3625450134277344
2024-08-01 12:56:17;10.002731323242188;0.5963382720947266;2.283888578414917
2024-08-01 12:56:18;10.002548217773438;0.6002086400985718;2.295802354812622
2024-08-01 12:56:19;9.999771118164062;0.6130138039588928;2.3073368072509766
2024-08-01 12:56:20;9.999008178710938;0.6065506935119629;2.3049368858337402
2024-08-01 12:56:22;9.997695922851562;0.5988423824310303;2.285832405090332
2024-08-01 12:56:23;9.997299194335938;0.6016293168067932;2.290997266769409
2024-08-01 12:56:24;9.998367309570312;0.6104117631912231;2.311123847961426
2024-08-01 12:56:25;10.000503540039062;0.6164540648460388;2.329099416732788
2024-08-01 12:56:26;9.996688842773438;0.5921346545219421;2.262923240661621
2024-08-01 12:56:27;9.998733520507812;0.6081572771072388;2.303711175918579
2024-08-01 12:56:28;10.000808715820312;0.6194700002670288;2.334149122238159
2024-08-01 12:56:29;10.000198364257812;0.5971585512161255;2.2841029167175293
2024-08-01 12:56:30;9.998092651367188;0.5970823168754578;2.2778537273406982
2024-08-01 12:56:31;9.998214721679688;0.5882356762886047;2.2755372524261475
2024-08-01 12:56:32;9.996414184570312;0.5926244258880615;2.265022039413452
2024-08-01 12:56:33;9.996871948242188;0.5869135856628418;2.25175404548645
2024-08-01 12:56:34;9.996627807617188;0.5943607687950134;2.2669620513916016
2024-08-01 12:56:35;9.995834350585938;0.5921115279197693;2.2574124336242676
2024-08-01 12:56:36;9.995925903320312;0.5868308544158936;2.2344906330108643
2024-08-01 12:56:37;9.998489379882812;0.5894421935081482;2.2542853355407715
2024-08-01 12:56:38;9.999771118164062;0.6011006236076355;2.279367446899414
2024-08-01 12:56:39;10.001480102539062;0.600723385810852;2.2842659950256348
2024-08-01 12:56:41;10.002426147460938;0.5975661277770996;2.2766921520233154
2024-08-01 12:56:42;9.998733520507812;0.5799771547317505;2.233361005783081
2024-08-01 12:56:43;9.996475219726562;0.5784851908683777;2.226377487182617
2024-08-01 12:56:44;9.995559692382812;0.5759822130203247;2.2167019844055176
2024-08-01 12:56:45;9.996444702148438;0.5805562138557434;2.229703903198242
2024-08-01 12:56:46;9.999374389648438;0.5890924334526062;2.253133773803711
2024-08-01 12:56:47;9.999160766601562;0.5869178771972656;2.257434368133545
2024-08-01 12:56:48;10.000381469726562;0.594227135181427;2.2589097023010254
2024-08-01 12:56:49;10.001815795898438;0.5918674468994141;2.256086826324463
2024-08-01 12:56:50;10.002975463867188;0.600055992603302;2.276845932006836
2024-08-01 12:56:51;10.004196166992188;0.587648868560791;2.266451358795166
2024-08-01 12:56:52;10.002853393554688;0.5944693684577942;2.2644143104553223
2024-08-01 12:56:53;10.002548217773438;0.5925301909446716;2.260436773300171
2024-08-01 12:56:54;10.001449584960938;0.6062246561050415;2.294527053833008
2024-08-01 12:56:55;10.002151489257812;0.5996254086494446;2.278482437133789
2024-08-01 12:56:56;10.002212524414062;0.5881114602088928;2.2623097896575928
2024-08-01 12:56:57;10.002182006835938;0.6022861003875732;2.287553310394287
2024-08-01 12:56:58;10.002243041992188;0.6020257472991943;2.2899625301361084
2024-08-01 12:57:00;10.003585815429688;0.610506534576416;2.308896780014038
2024-08-01 12:57:01;10.003097534179688;0.6068669557571411;2.3018617630004883
2024-08-01 12:57:02;9.998794555664062;0.5879778861999512;2.2415390014648438
2024-08-01 12:57:03;9.998336791992188;0.587376594543457;2.2507474422454834
2024-08-01 12:57:04;9.998153686523438;0.59458988904953;2.2862749099731445
2024-08-01 12:57:05;9.997756958007812;0.6080303192138672;2.2976155281066895
2024-08-01 12:57:06;9.998825073242188;0.5946114659309387;2.265383005142212
2024-08-01 12:57:07;9.999099731445312;0.595829427242279;2.2703845500946045
2024-08-01 12:57:08;9.999649047851562;0.6072230339050293;2.296900749206543
2024-08-01 12:57:09;9.998886108398438;0.5803524255752563;2.2389183044433594
2024-08-01 12:57:10;9.999221801757812;0.5944487452507019;2.2676138877868652
2024-08-01 12:57:11;10.000198364257812;0.6020503044128418;2.2874579429626465
2024-08-01 12:57:12;9.998611450195312;0.5875968337059021;2.24922251701355
2024-08-01 12:57:13;9.995956420898438;0.5747286081314087;2.2193758487701416
2024-08-01 12:57:14;9.994522094726562;0.5742421746253967;2.213174819946289
2024-08-01 12:57:15;9.996505737304688;0.591392993927002;2.252507448196411
2024-08-01 12:57:16;9.997756958007812;0.582269549369812;2.233612060546875
2024-08-01 12:57:17;9.997940063476562;0.587669312953949;2.2449862957000732
2024-08-01 12:57:19;9.999343872070312;0.5870170593261719;2.246563196182251
2024-08-01 12:57:20;10.000076293945312;0.591463029384613;2.254668712615967
2024-08-01 12:57:21;10.001632690429688;0.5902159810066223;2.2561748027801514
2024-08-01 12:57:22;10.001327514648438;0.5979070067405701;2.27028226852417
2024-08-01 12:57:23;10.002212524414062;0.5980231165885925;2.273104667663574
2024-08-01 12:57:24;10.003463745117188;0.6050231456756592;2.289745569229126
2024-08-01 12:57:25;10.002914428710938;0.5878933668136597;2.2518293857574463
2024-08-01 12:57:26;10.002914428710938;0.5956263542175293;2.2691540718078613
2024-08-01 12:57:27;10.001785278320312;0.618052065372467;2.320117473602295
2024-08-01 12:57:28;10.001541137695312;0.5977973341941833;2.2712323665618896
2024-08-01 12:57:29;10.001083374023438;0.5933198928833008;2.264925241470337
2024-08-01 12:57:30;9.998001098632812;0.5851489901542664;2.2434744834899902
2024-08-01 12:57:31;9.998214721679688;0.5913851857185364;2.2546186447143555
2024-08-01 12:57:32;9.999404907226562;0.5907917022705078;2.2583420276641846
2024-08-01 12:57:33;9.998672485351562;0.591092050075531;2.2564663887023926
2024-08-01 12:57:34;9.999313354492188;0.5973730087280273;2.2695257663726807
2024-08-01 12:57:35;9.999130249023438;0.5997317433357239;2.2774062156677246
2024-08-01 12:57:36;9.998550415039062;0.5837148427963257;2.237581491470337
2024-08-01 12:57:38;9.998397827148438;0.5799688100814819;2.230213165283203
2024-08-01 12:57:39;9.998123168945312;0.5771302580833435;2.2237815856933594
2024-08-01 12:57:40;9.999069213867188;0.5872750878334045;2.247246265411377
2024-08-01 12:57:41;10.000198364257812;0.5792704820632935;2.229673385620117
2024-08-01 12:57:42;10.000808715820312;0.5951677560806274;2.265181541442871
2024-08-01 12:57:43;10.000686645507812;0.5946819186210632;2.264721155166626
2024-08-01 12:57:44;10.001419067382812;0.6034902334213257;2.2877891063690186
2024-08-01 12:57:45;10.006851196289062;0.6265677213668823;2.3496499061584473
2024-08-01 12:57:46;10.012435913085938;0.6529198288917542;2.411202907562256
2024-08-01 12:57:47;10.014999389648438;0.627375602722168;2.38230562210083
2024-08-01 12:57:48;10.015884399414062;0.6462981104850769;2.407038688659668
2024-08-01 12:57:49;10.013107299804688;0.6251567006111145;2.3656959533691406
2024-08-01 12:57:50;10.009140014648438;0.6235329508781433;2.360088348388672
2024-08-01 12:57:51;10.007308959960938;0.6397925019264221;2.397345542907715
2024-08-01 12:57:52;10.004562377929688;0.6251381635665894;2.372156858444214
2024-08-01 12:57:53;10.002395629882812;0.6365084648132324;2.390225648880005
2024-08-01 12:57:54;10.000900268554688;0.6286237835884094;2.3728981018066406
2024-08-01 12:57:56;9.997787475585938;0.6168045997619629;2.345952272415161
2024-08-01 12:57:57;9.993301391601562;0.6012414693832397;2.299534320831299
2024-08-01 12:57:58;9.992538452148438;0.6093563437461853;2.333730697631836
2024-08-01 12:57:59;9.993423461914062;0.6255525350570679;2.355316400527954
2024-08-01 12:58:00;9.994857788085938;0.6397456526756287;2.388237476348877
2024-08-01 12:58:01;9.997055053710938;0.6289617419242859;2.3661508560180664
2024-08-01 12:58:02;9.996261596679688;0.6086222529411316;2.3033225536346436
2024-08-01 12:58:03;9.995437622070312;0.6032060384750366;2.2988076210021973
2024-08-01 12:58:04;9.994125366210938;0.5991356372833252;2.2899434566497803
2024-08-01 12:58:05;9.995559692382812;0.5968784689903259;2.2866945266723633
2024-08-01 12:58:06;9.997116088867188;0.6115803718566895;2.320763111114502
2024-08-01 12:58:07;9.998703002929688;0.6144095063209534;2.3146700859069824
2024-08-01 12:58:08;10.000198364257812;0.6178222894668579;2.3377034664154053
2024-08-01 12:58:09;9.999282836914062;0.5986505746841431;2.293804168701172
2024-08-01 12:58:10;9.996597290039062;0.5866032838821411;2.259399652481079
2024-08-01 12:58:11;9.994033813476562;0.588310956954956;2.256348133087158
2024-08-01 12:58:12;9.991683959960938;0.5709698796272278;2.2195422649383545
2024-08-01 12:58:13;9.992172241210938;0.5935487151145935;2.263962507247925
2024-08-01 12:58:15;9.994949340820312;0.5865052938461304;2.2504820823669434
2024-08-01 12:58:16;9.994400024414062;0.5768419504165649;2.2236475944519043
2024-08-01 12:58:17;9.995742797851562;0.58433598279953;2.2409214973449707
2024-08-01 12:58:18;9.998092651367188;0.6057217717170715;2.270695686340332
2024-08-01 12:58:19;10.000564575195312;0.5879080295562744;2.2589733600616455
2024-08-01 12:58:20;10.001388549804688;0.5986305475234985;2.276186943054199
2024-08-01 12:58:21;10.001235961914062;0.5914577841758728;2.260998249053955
2024-08-01 12:58:22;10.002334594726562;0.6015134453773499;2.2836921215057373
2024-08-01 12:58:23;10.002151489257812;0.5839807391166687;2.244452953338623
2024-08-01 12:58:24;10.003646850585938;0.6005551815032959;2.288832426071167
2024-08-01 12:58:25;10.003158569335938;0.5889955759048462;2.2596991062164307
2024-08-01 12:58:26;10.003402709960938;0.6041451692581177;2.2959249019622803
2024-08-01 12:58:27;10.002914428710938;0.6186521649360657;2.326298475265503
2024-08-01 12:58:28;10.002609252929688;0.6111170053482056;2.3144052028656006
2024-08-01 12:58:29;10.002975463867188;0.0019321442814543843;0.8255063891410828
2024-08-01 12:58:30;10.033035278320312;0.001357269356958568;0.6750182509422302
2024-08-01 12:58:31;10.115219116210938;0.001437377999536693;0.5798848271369934
Time;CH 1 Object Temperature;CH 1 Actual Output Current;CH 1 Actual Output Voltage
2024-08-01 13:00:50;21.453567504882812;-0.014366913586854935;0.03303772956132889
2024-08-01 13:00:51;21.483901977539062;0.271110862493515;0.7722320556640625
2024-08-01 13:00:52;21.490402221679688;0.2589554488658905;0.8030499815940857
2024-08-01 13:00:53;21.470535278320312;0.21772880852222443;0.7307636737823486
2024-08-01 13:00:54;21.438278198242188;0.23352433741092682;0.7868393063545227
2024-08-01 13:00:55;21.398849487304688;0.26732781529426575;0.8992553353309631
2024-08-01 13:00:56;21.355331420898438;0.3076564073562622;1.0021462440490723
2024-08-01 13:00:57;21.298019409179688;0.3377896249294281;1.1001031398773193
2024-08-01 13:00:59;21.232070922851562;0.3553183674812317;1.1732414960861206
2024-08-01 13:01:00;21.164413452148438;0.4074207842350006;1.3355159759521484
2024-08-01 13:01:01;21.078445434570312;0.4229564666748047;1.3983430862426758
2024-08-01 13:01:02;20.993453979492188;0.45179104804992676;1.496984601020813
2024-08-01 13:01:03;20.890609741210938;0.4769887328147888;1.5892648696899414
2024-08-01 13:01:04;20.776626586914062;0.5154356956481934;1.7048671245574951
2024-08-01 13:01:05;20.666610717773438;0.4774489104747772;1.6310988664627075
2024-08-01 13:01:06;20.541946411132812;0.42274734377861023;1.4928462505340576
2024-08-01 13:01:07;20.434799194335938;0.39713427424430847;1.4298323392868042
2024-08-01 13:01:08;20.323135375976562;0.3466578722000122;1.280372977256775
2024-08-01 13:01:09;20.226974487304688;0.3051578402519226;1.1633113622665405
2024-08-01 13:01:10;20.148300170898438;0.2730700969696045;1.0596575736999512
2024-08-01 13:01:11;20.076492309570312;0.254459023475647;0.9889976382255554
2024-08-01 13:01:12;20.022750854492188;0.22086983919143677;0.8904950618743896
2024-08-01 13:01:13;19.975875854492188;0.1982296109199524;0.8064310550689697
2024-08-01 13:01:14;19.941879272460938;0.1487247496843338;0.6631672978401184
2024-08-01 13:01:15;19.923233032226562;0.13140717148780823;0.5951964855194092
2024-08-01 13:01:16;19.912551879882812;0.09225922077894211;0.4747734069824219
2024-08-01 13:01:18;19.915023803710938;0.08385200798511505;0.4323965609073639
2024-08-01 13:01:19;19.927444458007812;0.09551125019788742;0.44555017352104187
2024-08-01 13:01:20;19.945510864257812;0.11635056138038635;0.488582581281662
2024-08-01 13:01:21;19.962112426757812;0.12302590161561966;0.5067368149757385
2024-08-01 13:01:22;19.980972290039062;0.13298684358596802;0.5527132749557495
2024-08-01 13:01:23;19.994705200195312;0.13821029663085938;0.5500906705856323
2024-08-01 13:01:24;20.005813598632812;0.15053215622901917;0.5837552547454834
2024-08-01 13:01:25;20.015731811523438;0.1625160276889801;0.6189794540405273
2024-08-01 13:01:26;20.021804809570312;0.16398964822292328;0.6629331707954407
2024-08-01 13:01:27;20.023910522460938;0.1737796813249588;0.6500549912452698
2024-08-01 13:01:28;20.024429321289062;0.18149834871292114;0.674971342086792
2024-08-01 13:01:29;20.023178100585938;0.16997987031936646;0.6505396366119385
2024-08-01 13:01:30;20.019180297851562;0.16852647066116333;0.6462135910987854
2024-08-01 13:01:31;20.016708374023438;0.17089158296585083;0.6590542793273926
2024-08-01 13:01:32;20.012649536132812;0.16764260828495026;0.6495189666748047
2024-08-01 13:01:33;20.008346557617188;0.1583610624074936;0.6309493780136108
2024-08-01 13:01:34;20.003067016601562;0.15488778054714203;0.6085110902786255
2024-08-01 13:01:36;19.999221801757812;0.15414200723171234;0.6093829870223999
2024-08-01 13:01:37;19.997390747070312;0.15111656486988068;0.6045135855674744
2024-08-01 13:01:38;19.995956420898438;0.1508934050798416;0.6044321656227112
2024-08-01 13:01:39;19.994247436523438;0.1504535675048828;0.5996124148368835
2024-08-01 13:01:40;19.993789672851562;0.15692712366580963;0.6193214058876038
2024-08-01 13:01:41;19.995285034179688;0.15558892488479614;0.6136975884437561
2024-08-01 13:01:42;19.995468139648438;0.13443031907081604;0.5605595707893372
2024-08-01 13:01:43;19.993881225585938;0.13771820068359375;0.5628039240837097
2024-08-01 13:01:44;19.996353149414062;0.16367226839065552;0.6270577907562256
2024-08-01 13:01:45;19.996780395507812;0.15574227273464203;0.6140893697738647
2024-08-01 13:01:46;19.997451782226562;0.14655113220214844;0.5883275866508484
2024-08-01 13:01:47;19.999038696289062;0.1529308408498764;0.6031146049499512
2024-08-01 13:01:48;20.000167846679688;0.15772782266139984;0.6160494089126587
2024-08-01 13:01:49;20.000473022460938;0.15576821565628052;0.6080835461616516
2024-08-01 13:01:50;20.000839233398438;0.1578971892595291;0.619924783706665
2024-08-01 13:01:51;20.000747680664062;0.1512298583984375;0.6011666655540466
2024-08-01 13:01:52;20.000106811523438;0.15019607543945312;0.5967879295349121
2024-08-01 13:01:53;20.000473022460938;0.15216103196144104;0.600426971912384
2024-08-01 13:01:55;19.999496459960938;0.15437394380569458;0.604325532913208
2024-08-01 13:01:56;19.999221801757812;0.14451904594898224;0.5838165283203125
2024-08-01 13:01:57;20.000717163085938;0.1639961302280426;0.6279271245002747
2024-08-01 13:01:58;20.000350952148438;0.15543022751808167;0.6082044243812561
2024-08-01 13:01:59;20.000717163085938;0.15506631135940552;0.6099822521209717
2024-08-01 13:02:00;20.000473022460938;0.15098153054714203;0.5994946360588074
2024-08-01 13:02:01;20.000656127929688;0.15510255098342896;0.6091621518135071
2024-08-01 13:02:02;20.000320434570312;0.15409889817237854;0.6042907238006592
2024-08-01 13:02:03;20.000350952148438;0.15652886033058167;0.6104221343994141
2024-08-01 13:02:04;20.000656127929688;0.1456398069858551;0.586914598941803
2024-08-01 13:02:05;20.000473022460938;0.1544082760810852;0.6073442697525024
2024-08-01 13:02:06;20.000198364257812;0.15190163254737854;0.6002071499824524
2024-08-01 13:02:07;20.000137329101562;0.15219993889331818;0.6024923324584961
2024-08-01 13:02:08;19.999282836914062;0.1474536955356598;0.5914891362190247
2024-08-01 13:02:09;19.999221801757812;0.1465904265642166;0.585928201675415
2024-08-01 13:02:10;19.999099731445312;0.15112419426441193;0.5964799523353577
2024-08-01 13:02:11;19.999099731445312;0.14083443582057953;0.5724941492080688
2024-08-01 13:02:12;19.999343872070312;0.15401878952980042;0.6043140888214111
2024-08-01 13:02:14;19.998611450195312;0.14536935091018677;0.5806595087051392
2024-08-01 13:02:15;19.999923706054688;0.16206322610378265;0.6226937174797058
2024-08-01 13:02:16;20.001083374023438;0.16278114914894104;0.627143383026123
2024-08-01 13:02:17;20.000381469726562;0.15095940232276917;0.5996756553649902
2024-08-01 13:02:18;20.000717163085938;0.14830398559570312;0.5920364260673523
2024-08-01 13:02:19;20.000045776367188;0.15115661919116974;0.5968089699745178
2024-08-01 13:02:20;19.999557495117188;0.15585365891456604;0.6073870658874512
2024-08-01 13:02:21;19.999465942382812;0.15366096794605255;0.603316068649292
2024-08-01 13:02:22;20.000411987304688;0.1551467925310135;0.6084004640579224
2024-08-01 13:02:23;20.000045776367188;0.14979706704616547;0.5978139042854309
2024-08-01 13:02:24;20.000411987304688;0.1541702300310135;0.6063603162765503
2024-08-01 13:02:25;20.000381469726562;0.150584414601326;0.6014834046363831
2024-08-01 13:02:26;19.999130249023438;0.15116043388843536;0.5984697937965393
2024-08-01 13:02:27;19.999862670898438;0.15599709749221802;0.6085175275802612
2024-08-01 13:02:28;19.999191284179688;0.15306740999221802;0.60237717628479
2024-08-01 13:02:29;19.999801635742188;0.1518913358449936;0.6002360582351685
2024-08-01 13:02:30;19.999679565429688;0.15790940821170807;0.6117096543312073
2024-08-01 13:02:31;20.001327514648438;0.15248413383960724;0.6039896607398987
2024-08-01 13:02:33;20.001388549804688;0.15963250398635864;0.6197001338005066
2024-08-01 13:02:34;20.000900268554688;0.14479485154151917;0.6020227074623108
2024-08-01 13:02:35;20.000656127929688;0.15267792344093323;0.6038756370544434
2024-08-01 13:02:36;20.000259399414062;0.16376115381717682;0.6267160177230835
2024-08-01 13:02:37;20.000595092773438;0.16458740830421448;0.6300316452980042
2024-08-01 13:02:38;20.001724243164062;0.1573181301355362;0.6154330968856812
Time;CH 1 Object Temperature;CH 1 Actual Output Current;CH 1 Actual Output Voltage
2024-08-01 13:14:35;20.000045776367188;0.16183243691921234;0.6442552208900452
2024-08-01 13:14:36;19.999221801757812;0.18168602883815765;0.6984789371490479
2024-08-01 13:14:37;19.997634887695312;0.24229279160499573;0.8534805774688721
2024-08-01 13:14:38;19.988113403320312;0.2621613144874573;0.9245474338531494
2024-08-01 13:14:39;19.971878051757812;0.309924840927124;1.064932942390442
2024-08-01 13:14:40;19.941879272460938;0.33786049485206604;1.1586089134216309
2024-08-01 13:14:41;19.905014038085938;0.38203108310699463;1.2889727354049683
2024-08-01 13:14:42;19.853775024414062;0.4136239290237427;1.4054925441741943
2024-08-01 13:14:43;19.789657592773438;0.4392523467540741;1.4970639944076538
2024-08-01 13:14:44;19.723007202148438;0.4847663342952728;1.632338285446167
2024-08-01 13:14:45;19.638381958007812;0.5319486260414124;1.7841453552246094
2024-08-01 13:14:46;19.550460815429688;0.550502359867096;1.859648585319519
2024-08-01 13:14:47;19.445205688476562;0.5877317190170288;1.9832184314727783
2024-08-01 13:14:48;19.328536987304688;0.5885207056999207;2.0145270824432373
2024-08-01 13:14:50;19.215530395507812;0.6463735103607178;2.1867456436157227
2024-08-01 13:14:51;19.082260131835938;0.6725701093673706;2.2814781665802
2024-08-01 13:14:52;18.939315795898438;0.7102999687194824;2.401083469390869
2024-08-01 13:14:53;18.804000854492188;0.7327037453651428;2.4765069484710693
2024-08-01 13:14:54;18.647262573242188;0.7798568606376648;2.626917600631714
2024-08-01 13:14:55;18.496932983398438;0.8018156886100769;2.722438097000122
2024-08-01 13:14:56;18.325576782226562;0.8382353782653809;2.845473289489746
2024-08-01 13:14:57;18.147537231445312;0.8752690553665161;2.9699761867523193
2024-08-01 13:14:58;17.977096557617188;0.9069423079490662;3.085578680038452
2024-08-01 13:14:59;17.783584594726562;0.9331435561180115;3.173117160797119
2024-08-01 13:15:00;17.584060668945312;0.9804250597953796;3.314040184020996
2024-08-01 13:15:01;17.397598266601562;0.979907751083374;3.3423190116882324
2024-08-01 13:15:02;17.190689086914062;0.9443198442459106;3.2806026935577393
2024-08-01 13:15:03;17.001785278320312;0.9153358340263367;3.2121145725250244
2024-08-01 13:15:04;16.801803588867188;0.8740997910499573;3.1150333881378174
2024-08-01 13:15:05;16.610488891601562;0.8734024167060852;3.104083776473999
2024-08-01 13:15:06;16.445785522460938;0.8372912406921387;3.0050041675567627
2024-08-01 13:15:07;16.272140502929688;0.8073063492774963;2.915418863296509
2024-08-01 13:15:09;16.126205444335938;0.7884050607681274;2.8523318767547607
2024-08-01 13:15:10;15.974868774414062;0.7534040808677673;2.74104380607605
2024-08-01 13:15:11;15.835983276367188;0.7232606410980225;2.6484625339508057
2024-08-01 13:15:12;15.717514038085938;0.6887908577919006;2.5457677841186523
2024-08-01 13:15:13;15.600296020507812;0.6743269562721252;2.4865312576293945
2024-08-01 13:15:14;15.491653442382812;0.6458946466445923;2.3971049785614014
2024-08-01 13:15:15;15.402511596679688;0.6144415140151978;2.3110992908477783
2024-08-01 13:15:16;15.314712524414062;0.5987588763237;2.251551628112793
2024-08-01 13:15:17;15.242202758789062;0.5607439875602722;2.1305654048919678
2024-08-01 13:15:18;15.172500610351562;0.5418082475662231;2.0728209018707275
2024-08-01 13:15:19;15.111221313476562;0.5011103749275208;1.9539895057678223
2024-08-01 13:15:20;15.064285278320312;0.49501290917396545;1.881034255027771
2024-08-01 13:15:21;15.020217895507812;0.45713770389556885;1.810704231262207
2024-08-01 13:15:22;14.987442016601562;0.41896334290504456;1.6970629692077637
2024-08-01 13:15:23;14.959701538085938;0.3874107897281647;1.5842775106430054
2024-08-01 13:15:24;14.942153930664062;0.3753519356250763;1.528505563735962
2024-08-01 13:15:25;14.936203002929688;0.35323071479797363;1.4156601428985596
2024-08-01 13:15:26;14.939224243164062;0.3379872739315033;1.3917689323425293
2024-08-01 13:15:28;14.947677612304688;0.3496222198009491;1.4073792695999146
2024-08-01 13:15:29;14.960983276367188;0.3575185239315033;1.4217270612716675
2024-08-01 13:15:30;14.972824096679688;0.35945820808410645;1.4207934141159058
2024-08-01 13:15:31;14.983688354492188;0.3660317063331604;1.4503153562545776
2024-08-01 13:15:32;14.993789672851562;0.3620743155479431;1.4626121520996094
2024-08-01 13:15:33;15.000961303710938;0.36509013175964355;1.4342951774597168
2024-08-01 13:15:34;15.004531860351562;0.368492066860199;1.4440723657608032
2024-08-01 13:15:35;15.009017944335938;0.3814605176448822;1.4790714979171753
2024-08-01 13:15:36;15.013046264648438;0.3988755941390991;1.5280072689056396
2024-08-01 13:15:37;15.013504028320312;0.21640779078006744;1.0949311256408691
2024-08-01 13:15:38;15.017196655273438;0.4229568839073181;1.5774027109146118
2024-08-01 13:15:39;15.019790649414062;0.48039373755455017;1.7380633354187012
2024-08-01 13:15:40;15.011123657226562;0.5173203349113464;1.8544206619262695
2024-08-01 13:15:41;14.991378784179688;0.5476385354995728;1.9559926986694336
2024-08-01 13:15:42;14.958816528320312;0.5997118353843689;2.1372873783111572
2024-08-01 13:15:43;14.913772583007812;0.6205638647079468;2.191972017288208
2024-08-01 13:15:44;14.860946655273438;0.6447893381118774;2.271483898162842
2024-08-01 13:15:46;14.795761108398438;0.6881344318389893;2.4065234661102295
2024-08-01 13:15:47;14.724472045898438;0.721895158290863;2.5213584899902344
2024-08-01 13:15:48;14.638442993164062;0.7595541477203369;2.679746389389038
2024-08-01 13:15:49;14.539657592773438;0.8089600205421448;2.8033385276794434
2024-08-01 13:15:50;14.441879272460938;0.8486140966415405;2.9362964630126953
2024-08-01 13:15:51;14.324813842773438;0.8824061751365662;3.065544843673706
2024-08-01 13:15:52;14.208724975585938;0.9032557606697083;3.139552354812622
2024-08-01 13:15:53;14.073959350585938;0.964554488658905;3.3151283264160156
2024-08-01 13:15:54;13.930343627929688;0.990890622138977;3.4048712253570557
2024-08-01 13:15:55;13.792434692382812;1.0115267038345337;3.4915552139282227
2024-08-01 13:15:56;13.634017944335938;1.051600456237793;3.620748996734619
2024-08-01 13:15:57;13.485183715820312;1.1041479110717773;3.7924513816833496
2024-08-01 13:15:58;13.313491821289062;1.1402212381362915;3.9676177501678467
2024-08-01 13:15:59;13.133590698242188;1.1696103811264038;4.020447254180908
2024-08-01 13:16:00;12.963851928710938;1.2234629392623901;4.176418304443359
2024-08-01 13:16:01;12.770950317382812;1.2599117755889893;4.334758758544922
2024-08-01 13:16:02;12.587600708007812;1.2977778911590576;4.467710018157959
2024-08-01 13:16:03;12.382369995117188;1.2954120635986328;4.501358985900879
2024-08-01 13:16:05;12.170455932617188;1.2404741048812866;4.375514984130859
2024-08-01 13:16:06;11.964523315429688;1.2174577713012695;4.328187465667725
2024-08-01 13:16:07;11.783035278320312;1.2028274536132812;4.276944160461426
2024-08-01 13:16:08;11.592880249023438;1.1802836656570435;4.195106029510498
2024-08-01 13:16:09;11.429397583007812;1.164085030555725;4.146714210510254
2024-08-01 13:16:10;11.260574340820312;1.1451231241226196;4.08846378326416
2024-08-01 13:16:11;11.102493286132812;1.0969778299331665;3.973886489868164
2024-08-01 13:16:12;10.966537475585938;1.061745524406433;3.9038045406341553
2024-08-01 13:16:13;10.824234008789062;1.023573875427246;3.759119987487793
2024-08-01 13:16:14;10.706771850585938;0.993598461151123;3.6625471115112305
2024-08-01 13:16:15;10.587661743164062;0.9724133610725403;3.588301181793213
2024-08-01 13:16:16;10.480270385742188;0.9399963021278381;3.497955560684204
2024-08-01 13:16:17;10.390762329101562;0.9240942001342773;3.421687364578247
2024-08-01 13:16:18;10.300369262695312;0.8914479613304138;3.3231635093688965
2024-08-01 13:16:19;10.228286743164062;0.8552379608154297;3.2191572189331055
2024-08-01 13:16:20;10.159835815429688;0.8221904635429382;3.112889289855957
2024-08-01 13:16:21;10.097854614257812;0.7836949825286865;2.9669086933135986
2024-08-01 13:16:23;10.052505493164062;0.7695762515068054;2.930048942565918
2024-08-01 13:16:24;10.010055541992188;0.7385478615760803;2.8383169174194336
2024-08-01 13:16:25;9.976119995117188;0.699882447719574;2.7063510417938232
2024-08-01 13:16:26;9.954971313476562;0.6642820239067078;2.5951623916625977
2024-08-01 13:16:27;9.939407348632812;0.6454102396965027;2.5078890323638916
2024-08-01 13:16:28;9.935409545898438;0.6154676675796509;2.4307007789611816
2024-08-01 13:16:29;9.935867309570312;0.5911263227462769;2.354511022567749
2024-08-01 13:16:30;9.947280883789062;0.6146929264068604;2.3908019065856934
2024-08-01 13:16:31;9.958297729492188;0.6198422908782959;2.391610622406006
2024-08-01 13:16:32;9.970382690429688;0.6172635555267334;2.3891499042510986
2024-08-01 13:16:33;9.981369018554688;0.6299116611480713;2.411724328994751
2024-08-01 13:16:34;9.991134643554688;0.6360632181167603;2.4261298179626465
2024-08-01 13:16:35;9.999374389648438;0.6377703547477722;2.426572322845459
2024-08-01 13:16:36;10.004104614257812;0.6355257630348206;2.42050838470459
2024-08-01 13:16:37;10.008590698242188;0.6376529932022095;2.4247453212738037
2024-08-01 13:16:38;10.011672973632812;0.6573742032051086;2.479905843734741
2024-08-01 13:16:39;10.011978149414062;0.6441205739974976;2.4404640197753906
2024-08-01 13:16:40;10.011306762695312;0.6486473679542542;2.4534265995025635
2024-08-01 13:16:42;10.010299682617188;0.6397023797035217;2.4303946495056152
2024-08-01 13:16:43;10.008499145507812;0.6333001255989075;2.4169869422912598
2024-08-01 13:16:44;10.004745483398438;0.6301020979881287;2.4053027629852295
2024-08-01 13:16:45;10.001968383789062;0.6345930695533752;2.414041519165039
2024-08-01 13:16:46;9.999862670898438;0.6258149147033691;2.394489288330078
2024-08-01 13:16:47;9.996749877929688;0.6249410510063171;2.391240358352661
2024-08-01 13:16:48;9.994949340820312;0.61474609375;2.364915609359741
2024-08-01 13:16:49;9.994949340820312;0.6255127191543579;2.3858633041381836
2024-08-01 13:16:50;9.995437622070312;0.625;2.3900279998779297
2024-08-01 13:16:51;9.995742797851562;0.614237368106842;2.365908622741699
2024-08-01 13:16:52;9.997543334960938;0.6349545121192932;2.4075851440429688
2024-08-01 13:16:53;9.999221801757812;0.6346583962440491;2.410952091217041
2024-08-01 13:16:54;9.997116088867188;0.6070249676704407;2.329808473587036
2024-08-01 13:16:55;9.997604370117188;0.6150985360145569;2.3659746646881104
2024-08-01 13:16:56;9.999221801757812;0.6264366507530212;2.389110803604126
2024-08-01 13:16:57;9.999588012695312;0.6233282089233398;2.3844330310821533
2024-08-01 13:16:58;10.000442504882812;0.6293178200721741;2.3943004608154297
2024-08-01 13:16:59;10.001602172851562;0.6297274231910706;2.3870391845703125
2024-08-01 13:17:01;10.001327514648438;0.6225870847702026;2.3860418796539307
2024-08-01 13:17:02;10.000747680664062;0.6412114500999451;2.419687271118164
2024-08-01 13:17:03;10.000473022460938;0.6296404600143433;2.3980698585510254
2024-08-01 13:17:04;9.998336791992188;0.6178529262542725;2.3690426349639893
2024-08-01 13:17:05;9.997299194335938;0.6220041513442993;2.361936092376709
2024-08-01 13:17:06;9.999374389648438;0.6291351914405823;2.3946890830993652
2024-08-01 13:17:07;9.998214721679688;0.6155186891555786;2.3647375106811523
2024-08-01 13:17:08;9.999221801757812;0.6291382908821106;2.3931567668914795
2024-08-01 13:17:09;9.998489379882812;0.6249945759773254;2.3829832077026367
2024-08-01 13:17:10;9.999282836914062;0.6189174056053162;2.373312473297119
2024-08-01 13:17:11;10.000564575195312;0.6443110704421997;2.4238736629486084
2024-08-01 13:17:12;10.000686645507812;0.6222242712974548;2.3789989948272705
2024-08-01 13:17:13;10.000625610351562;0.6248894333839417;2.3844714164733887
2024-08-01 13:17:14;9.999343872070312;0.6272234320640564;2.3873982429504395
2024-08-01 13:17:15;9.999069213867188;0.640072226524353;2.411271572113037
2024-08-01 13:17:16;9.999893188476562;0.6236485838890076;2.379343271255493
2024-08-01 13:17:17;9.998947143554688;0.6171703338623047;2.3654024600982666
2024-08-01 13:17:18;10.000045776367188;0.6275484561920166;2.387338638305664
2024-08-01 13:17:20;9.999404907226562;0.6205466389656067;2.3719170093536377
2024-08-01 13:17:21;9.999710083007812;0.622540295124054;2.3786566257476807
2024-08-01 13:17:22;9.998733520507812;0.6166439652442932;2.364638566970825
2024-08-01 13:17:23;9.999160766601562;0.61832594871521;2.368844747543335
2024-08-01 13:17:24;9.999923706054688;0.6200566291809082;2.3720672130584717
2024-08-01 13:17:25;9.998733520507812;0.6105540990829468;2.3494372367858887
2024-08-01 13:17:26;9.998611450195312;0.615746021270752;2.361832618713379
2024-08-01 13:17:27;9.999008178710938;0.619601845741272;2.366032361984253
2024-08-01 13:17:28;9.998275756835938;0.6257035136222839;2.3777108192443848
2024-08-01 13:17:29;10.001632690429688;0.6264774799346924;2.3855998516082764
2024-08-01 13:17:30;10.001754760742188;0.6170920729637146;2.3687829971313477
2024-08-01 13:17:31;10.000900268554688;0.6115545630455017;2.3556272983551025
2024-08-01 13:17:32;10.000503540039062;0.6270421147346497;2.3853118419647217
2024-08-01 13:17:33;10.000381469726562;0.6234063506126404;2.377290964126587
2024-08-01 13:17:34;10.000381469726562;0.6308887004852295;2.396324872970581
2024-08-01 13:17:35;10.000503540039062;0.6156162619590759;2.3650825023651123
2024-08-01 13:17:36;10.000625610351562;0.622279703617096;2.3793466091156006
2024-08-01 13:17:37;10.001937866210938;0.6309954524040222;2.395887613296509
2024-08-01 13:17:39;10.002426147460938;0.6469812393188477;2.429182291030884
2024-08-01 13:17:40;10.002761840820312;0.6328965425491333;2.4022700786590576
2024-08-01 13:17:41;10.002822875976562;0.6295419931411743;2.3985700607299805
2024-08-01 13:17:42;10.003646850585938;0.6409088373184204;2.419583320617676
2024-08-01 13:17:43;10.004684448242188;0.6443326473236084;2.4352433681488037
2024-08-01 13:17:44;10.001235961914062;0.616657555103302;2.365386962890625
2024-08-01 13:17:45;9.998336791992188;0.6133249402046204;2.3605432510375977
2024-08-01 13:17:46;9.998214721679688;0.6173842549324036;2.3675341606140137
2024-08-01 13:17:47;9.996749877929688;0.6160635352134705;2.36503529548645
2024-08-01 13:17:48;9.997848510742188;0.630082905292511;2.3970894813537598
2024-08-01 13:17:49;9.997116088867188;0.6089641451835632;2.3815810680389404
2024-08-01 13:17:50;9.994277954101562;0.6013590097427368;2.3286688327789307
2024-08-01 13:17:51;9.995437622070312;0.6142110228538513;2.358452796936035
2024-08-01 13:17:52;9.998184204101562;0.6254211664199829;2.3860433101654053
2024-08-01 13:17:53;9.996627807617188;0.6089561581611633;2.3447329998016357
2024-08-01 13:17:54;9.998062133789062;0.6100803017616272;2.354950428009033
2024-08-01 13:17:55;9.999588012695312;0.6157246232032776;2.361978769302368
2024-08-01 13:17:57;9.999801635742188;0.6258837580680847;2.38533878326416
2024-08-01 13:17:58;10.000930786132812;0.6268310546875;2.384876251220703
2024-08-01 13:17:59;10.002365112304688;0.6272822618484497;2.3877885341644287
2024-08-01 13:18:00;10.004013061523438;0.636534571647644;2.4191226959228516
2024-08-01 13:18:01;10.004867553710938;0.6471054553985596;2.434215784072876
2024-08-01 13:18:02;10.005325317382812;0.6397315859794617;2.4193875789642334
2024-08-01 13:18:03;10.006118774414062;0.6390106678009033;2.4199445247650146
2024-08-01 13:18:04;10.005508422851562;0.6315535306930542;2.406818151473999
2024-08-01 13:18:05;10.004287719726562;0.6341826319694519;2.421232223510742
2024-08-01 13:18:06;10.001754760742188;0.6301870942115784;2.400378704071045
2024-08-01 13:18:07;10.000747680664062;0.6234300136566162;2.3841991424560547
2024-08-01 13:18:08;9.999130249023438;0.6280264258384705;2.392733573913574
2024-08-01 13:18:09;9.999008178710938;0.6298516392707825;2.3994967937469482
2024-08-01 13:18:10;9.999374389648438;0.612037181854248;2.359687566757202
2024-08-01 13:18:11;9.999801635742188;0.5491421222686768;2.199488639831543
2024-08-01 13:18:12;10.006362915039062;0.5052894949913025;2.058699131011963
2024-08-01 13:18:13;10.025314331054688;0.4760522246360779;1.9719712734222412
2024-08-01 13:18:15;10.051162719726562;0.4327735900878906;1.8497837781906128
2024-08-01 13:18:16;10.089157104492188;0.38103511929512024;1.685575008392334
2024-08-01 13:18:17;10.138778686523438;0.3504607081413269;1.577903151512146
2024-08-01 13:18:18;10.195724487304688;0.3158593773841858;1.4629127979278564
2024-08-01 13:18:19;10.270004272460938;0.29263269901275635;1.3737844228744507
2024-08-01 13:18:20;10.348861694335938;0.2522853910923004;1.2633801698684692
2024-08-01 13:18:21;10.443557739257812;0.21915704011917114;1.1452512741088867
2024-08-01 13:18:22;10.547836303710938;0.19105416536331177;1.045138955116272
2024-08-01 13:18:23;10.652694702148438;0.153411865234375;0.9227596521377563
2024-08-01 13:18:24;10.777511596679688;0.1149848997592926;0.8036566972732544
2024-08-01 13:18:25;10.898666381835938;0.0867515578866005;0.7091078758239746
2024-08-01 13:18:26;11.039169311523438;0.05420227348804474;0.6012865304946899
2024-08-01 13:18:27;11.192794799804688;0.051396943628787994;0.575061023235321
2024-08-01 13:18:28;11.337203979492188;0.01302261371165514;0.4617936313152313
2024-08-01 13:18:29;11.500656127929688;-0.03365135192871094;0.32312530279159546
2024-08-01 13:18:30;11.673202514648438;-0.045784760266542435;0.26596394181251526
2024-08-01 13:18:31;11.836196899414062;-0.06650467216968536;0.18802957236766815
2024-08-01 13:18:32;12.023910522460938;-0.09419555962085724;0.0978843942284584
2024-08-01 13:18:34;12.201095581054688;-0.11241646111011505;0.03127402067184448
2024-08-01 13:18:35;12.402816772460938;-0.1418754607439041;-0.06350480765104294
2024-08-01 13:18:36;12.610336303710938;-0.1385292112827301;-0.0794864222407341
2024-08-01 13:18:37;12.803176879882812;-0.09912682324647903;0.007434576749801636
2024-08-01 13:18:38;13.010971069335938;-0.07931366562843323;0.05007601156830788
2024-08-01 13:18:39;13.193740844726562;-0.04564247280359268;0.1349276602268219
2024-08-01 13:18:40;13.385391235351562;-0.01304245088249445;0.21946141123771667
2024-08-01 13:18:41;13.567794799804688;0.00029792787972837687;0.2655993103981018
2024-08-01 13:18:42;13.721572875976562;0.015708543360233307;0.31304410099983215
2024-08-01 13:18:43;13.881912231445312;0.045125581324100494;0.3867088258266449
2024-08-01 13:18:44;14.016708374023438;0.07268562912940979;0.4547073245048523
2024-08-01 13:18:45;14.155746459960938;0.09536781907081604;0.5298778414726257
2024-08-01 13:18:46;14.282852172851562;0.11660538613796234;0.5923196077346802
2024-08-01 13:18:47;14.388137817382812;0.1297401487827301;0.6378759741783142
2024-08-01 13:18:48;14.495803833007812;0.15713539719581604;0.7204880714416504
2024-08-01 13:18:49;14.591842651367188;0.17264099419116974;0.761892557144165
2024-08-01 13:18:50;14.673049926757812;0.18592987954616547;0.8238273859024048
2024-08-01 13:18:51;14.750442504882812;0.20350304245948792;0.874742329120636
2024-08-01 13:18:53;14.813400268554688;0.22559167444705963;0.9455462694168091
2024-08-01 13:18:54;14.874984741210938;0.2567783296108246;1.0341768264770508
2024-08-01 13:18:55;14.928665161132812;0.2864738404750824;1.129456877708435
2024-08-01 13:18:56;14.969680786132812;0.3229282796382904;1.223914623260498
2024-08-01 13:18:57;15.004348754882812;0.3187117576599121;1.239107608795166
2024-08-01 13:18:58;15.028182983398438;0.3609727919101715;1.3543256521224976
2024-08-01 13:18:59;15.045486450195312;0.3797903060913086;1.455810546875
2024-08-01 13:19:00;15.053359985351562;0.4174302816390991;1.5404024124145508
2024-08-01 13:19:01;15.053695678710938;0.4296717941761017;1.5803989171981812
2024-08-01 13:19:02;15.043869018554688;0.39849215745925903;1.5248847007751465
2024-08-01 13:19:03;15.033309936523438;0.3923124074935913;1.514428973197937
2024-08-01 13:19:04;15.021621704101562;0.38733378052711487;1.497341275215149
2024-08-01 13:19:05;15.013046264648438;0.3869965076446533;1.5208040475845337
2024-08-01 13:19:06;15.005264282226562;0.382802814245224;1.510847568511963
2024-08-01 13:19:07;14.999008178710938;0.39104634523391724;1.5092097520828247
2024-08-01 13:19:08;14.992965698242188;0.3734789788722992;1.466463565826416
2024-08-01 13:19:09;14.989578247070312;0.366788774728775;1.448203206062317
2024-08-01 13:19:11;14.987106323242188;0.38244906067848206;1.456473469734192
2024-08-01 13:19:12;14.986984252929688;0.3674897253513336;1.4523926973342896
2024-08-01 13:19:13;14.986740112304688;0.3670382797718048;1.44075345993042
2024-08-01 13:19:14;14.987838745117188;0.3610247075557709;1.4222313165664673
2024-08-01 13:19:15;14.990066528320312;0.3686580955982208;1.441740870475769
2024-08-01 13:19:16;14.993148803710938;0.38370853662490845;1.4828879833221436
2024-08-01 13:19:17;14.994644165039062;0.37813514471054077;1.469783067703247
2024-08-01 13:19:18;14.995925903320312;0.3748394250869751;1.4587771892547607
2024-08-01 13:19:19;14.997848510742188;0.36700159311294556;1.4421558380126953
2024-08-01 13:19:20;15.000778198242188;0.3911859095096588;1.5067238807678223
2024-08-01 13:19:21;15.001083374023438;0.37882721424102783;1.4841899871826172
2024-08-01 13:19:22;15.001296997070312;0.37854817509651184;1.4745216369628906
2024-08-01 13:19:23;15.001693725585938;0.38624653220176697;1.4931225776672363
2024-08-01 13:19:24;15.002090454101562;0.3952530324459076;1.5179246664047241
2024-08-01 13:19:25;15.000808715820312;0.3726256787776947;1.4594194889068604
2024-08-01 13:19:26;15.001571655273438;0.37399446964263916;1.4820008277893066
2024-08-01 13:19:27;15.001296997070312;0.3855404257774353;1.4960256814956665
2024-08-01 13:19:28;15.002456665039062;0.38840219378471375;1.5054360628128052
2024-08-01 13:19:30;15.001998901367188;0.36538729071617126;1.4474778175354004
2024-08-01 13:19:31;15.001327514648438;0.38900911808013916;1.5079364776611328
2024-08-01 13:19:32;14.999496459960938;0.3708876073360443;1.466190218925476
2024-08-01 13:19:33;15.000442504882812;0.3878830075263977;1.5036888122558594
2024-08-01 13:19:34;14.998397827148438;0.36627963185310364;1.448561668395996
2024-08-01 13:19:35;14.997817993164062;0.37181442975997925;1.4599610567092896
2024-08-01 13:19:36;14.996200561523438;0.3643178343772888;1.4375532865524292
2024-08-01 13:19:37;14.994033813476562;0.3593175709247589;1.4212170839309692
2024-08-01 13:19:38;14.993331909179688;0.3590855896472931;1.4205055236816406
2024-08-01 13:19:39;14.994125366210938;0.36554569005966187;1.4355919361114502
2024-08-01 13:19:40;14.996871948242188;0.3829149901866913;1.4814672470092773
2024-08-01 13:19:41;14.999008178710938;0.3751700222492218;1.4655109643936157
2024-08-01 13:19:42;15.000778198242188;0.38150379061698914;1.483355164527893
2024-08-01 13:19:43;15.001663208007812;0.3845818042755127;1.490466833114624
2024-08-01 13:19:44;15.002517700195312;0.3835113048553467;1.4894362688064575
2024-08-01 13:19:45;15.002365112304688;0.3971363604068756;1.5244888067245483
2024-08-01 13:19:46;15.001876831054688;0.37075746059417725;1.4570800065994263
2024-08-01 13:19:47;15.000564575195312;0.3681003451347351;1.453452467918396
2024-08-01 13:19:49;14.999771118164062;0.3703397512435913;1.457687258720398
2024-08-01 13:19:50;14.999099731445312;0.37690505385398865;1.4713784456253052
2024-08-01 13:19:51;14.998489379882812;0.3800583779811859;1.4794337749481201
2024-08-01 13:19:52;14.999191284179688;0.3799370229244232;1.4816762208938599
2024-08-01 13:19:53;14.998367309570312;0.3877827525138855;1.4951351881027222
2024-08-01 13:19:54;14.998367309570312;0.3875769078731537;1.4974210262298584
2024-08-01 13:19:55;14.998458862304688;0.38602200150489807;1.493557333946228
2024-08-01 13:19:56;14.998458862304688;0.3823079466819763;1.4844385385513306
2024-08-01 13:19:57;14.999282836914062;0.3841722905635834;1.491526484489441
2024-08-01 13:19:58;15.000045776367188;0.3838138282299042;1.4939476251602173
2024-08-01 13:19:59;14.999893188476562;0.385846883058548;1.4954341650009155
2024-08-01 13:20:00;14.999069213867188;0.3733944296836853;1.4651343822479248
2024-08-01 13:20:01;14.998519897460938;0.37386828660964966;1.4651451110839844
2024-08-01 13:20:02;14.999618530273438;0.38388344645500183;1.489593505859375
2024-08-01 13:20:03;14.999282836914062;0.37571147084236145;1.4725918769836426
2024-08-01 13:20:04;14.998641967773438;0.3847912847995758;1.4774951934814453
2024-08-01 13:20:05;14.998336791992188;0.3705870509147644;1.4543449878692627
2024-08-01 13:20:06;15.000534057617188;0.38132351636886597;1.4883211851119995
2024-08-01 13:20:08;15.000503540039062;0.3904593586921692;1.508056640625
2024-08-01 13:20:09;15.000015258789062;0.3861508369445801;1.4984817504882812
2024-08-01 13:20:10;14.999130249023438;0.3765905797481537;1.4687379598617554
2024-08-01 13:20:11;14.998458862304688;0.3780841827392578;1.4763140678405762
2024-08-01 13:20:12;14.997482299804688;0.38747674226760864;1.4547247886657715
2024-08-01 13:20:13;14.998794555664062;0.3674362301826477;1.4483269453048706
2024-08-01 13:20:14;14.999404907226562;0.38019832968711853;1.4847172498703003
2024-08-01 13:20:15;14.998275756835938;0.37462490797042847;1.4672473669052124
2024-08-01 13:20:16;14.998947143554688;0.37750375270843506;1.480963945388794
2024-08-01 13:20:17;15.000228881835938;0.379080206155777;1.5055724382400513
2024-08-01 13:20:18;15.000625610351562;0.37803956866264343;1.4777871370315552
2024-08-01 13:20:19;15.001541137695312;0.3949652910232544;1.5215266942977905
2024-08-01 13:20:20;15.000228881835938;0.3822072148323059;1.488675832748413
2024-08-01 13:20:21;14.998275756835938;0.3815813958644867;1.4851210117340088
2024-08-01 13:20:22;14.998306274414062;0.3756694495677948;1.4700487852096558
2024-08-01 13:20:23;14.998916625976562;0.36816897988319397;1.4527359008789062
2024-08-01 13:20:24;14.998489379882812;0.3766818344593048;1.4745168685913086
2024-08-01 13:20:25;14.997970581054688;0.3786314129829407;1.4741735458374023
2024-08-01 13:20:27;14.998184204101562;0.379942387342453;1.48557448387146
2024-08-01 13:20:28;14.997177124023438;0.3532615602016449;1.405969262123108
2024-08-01 13:20:29;14.998519897460938;0.29605603218078613;1.2633136510849
Time;CH 1 Object Temperature;CH 1 Actual Output Current;CH 1 Actual Output Voltage
2024-08-01 13:18:09;9.999465942382812;0.6285625100135803;2.3959643840789795
2024-08-01 13:18:10;9.999374389648438;0.6100978255271912;2.3550479412078857
2024-08-01 13:18:11;9.999801635742188;0.5381228923797607;2.1610283851623535
2024-08-01 13:18:12;10.007705688476562;0.4922124743461609;2.03344988822937
2024-08-01 13:18:13;10.025314331054688;0.47348371148109436;1.963653564453125
2024-08-01 13:18:15;10.054061889648438;0.4342237710952759;1.8497837781906128
2024-08-01 13:18:16;10.089157104492188;0.379475474357605;1.6819777488708496
2024-08-01 13:18:17;10.138778686523438;0.34810805320739746;1.570991039276123
2024-08-01 13:18:18;10.202072143554688;0.3149382472038269;1.4601329565048218
2024-08-01 13:18:19;10.270004272460938;0.27768439054489136;1.3378912210464478
2024-08-01 13:18:20;10.356185913085938;0.2547958493232727;1.2393958568572998
2024-08-01 13:18:21;10.451736450195312;0.21966630220413208;1.138418197631836
2024-08-01 13:18:22;10.547836303710938;0.1849662810564041;1.0249375104904175
2024-08-01 13:18:23;10.664352416992188;0.1451236754655838;0.9059765338897705
2024-08-01 13:18:24;10.777511596679688;0.11391907185316086;0.7988156080245972
2024-08-01 13:18:25;10.910568237304688;0.08072586357593536;0.6915643811225891
2024-08-01 13:18:26;11.054794311523438;0.05420227348804474;0.599073588848114
2024-08-01 13:18:27;11.192794799804688;0.04400940239429474;0.5530546307563782
2024-08-01 13:18:28;11.352706909179688;0.008464813232421875;0.45257821679115295
2024-08-01 13:18:29;11.500656127929688;-0.0361759215593338;0.3178269565105438
2024-08-01 13:18:30;11.673202514648438;-0.04387512430548668;0.26921308040618896
2024-08-01 13:18:31;11.852005004882812;-0.06650467216968536;0.1776316612958908
2024-08-01 13:18:33;12.023910522460938;-0.09205818921327591;0.10213849693536758
2024-08-01 13:18:34;12.217483520507812;-0.11154366284608841;0.027872949838638306
2024-08-01 13:18:35;12.402816772460938;-0.14074021577835083;-0.06286253035068512
2024-08-01 13:18:36;12.610336303710938;-0.13793717324733734;-0.07929592579603195
2024-08-01 13:18:37;12.821884155273438;-0.09912682324647903;0.0091554531827569
2024-08-01 13:18:38;13.010971069335938;-0.07754173874855042;0.05605762079358101
2024-08-01 13:18:39;13.210403442382812;-0.04440918192267418;0.13466458022594452
2024-08-01 13:18:40;13.402114868164062;-0.017265701666474342;0.21026727557182312
2024-08-01 13:18:41;13.567794799804688;0.0036853791680186987;0.27441146969795227
2024-08-01 13:18:42;13.736587524414062;0.015708543360233307;0.32130342721939087
2024-08-01 13:18:43;13.881912231445312;0.05109825357794762;0.40004783868789673
2024-08-01 13:18:44;14.029708862304688;0.07025108486413956;0.4547073245048523
2024-08-01 13:18:45;14.167129516601562;0.10270004719495773;0.5456141829490662
2024-08-01 13:18:46;14.282852172851562;0.11948318779468536;0.5998619794845581
2024-08-01 13:18:47;14.398330688476562;0.1291046142578125;0.6395547389984131
2024-08-01 13:18:48;14.503829956054688;0.15713539719581604;0.7179939150810242
2024-08-01 13:18:49;14.591842651367188;0.16795998811721802;0.761892557144165
2024-08-01 13:18:50;14.679977416992188;0.1978481411933899;0.8498294353485107
2024-08-01 13:18:52;14.750442504882812;0.2052505612373352;0.8816569447517395
2024-08-01 13:18:53;14.820144653320312;0.2289760708808899;0.9573203325271606
2024-08-01 13:18:54;14.879714965820312;0.2567783296108246;1.025124192237854
2024-08-01 13:18:55;14.928665161132812;0.2895999848842621;1.129456877708435
2024-08-01 13:18:56;14.973068237304688;0.31644561886787415;1.2133234739303589
2024-08-01 13:18:57;15.004348754882812;0.3315925598144531;1.2707065343856812
2024-08-01 13:18:58;15.029983520507812;0.36117422580718994;1.3548411130905151
2024-08-01 13:18:59;15.046737670898438;0.39740046858787537;1.4712486267089844
2024-08-01 13:19:00;15.053359985351562;0.4174302816390991;1.5442931652069092
2024-08-01 13:19:01;15.052963256835938;0.42385658621788025;1.569759726524353
2024-08-01 13:19:02;15.043136596679688;0.39049503207206726;1.5038152933120728
2024-08-01 13:19:03;15.033309936523438;0.3974291682243347;1.5295594930648804
2024-08-01 13:19:04;15.021347045898438;0.383489191532135;1.4929593801498413
2024-08-01 13:19:05;15.013046264648438;0.39454710483551025;1.5423797369003296
2024-08-01 13:19:06;15.004074096679688;0.3905046284198761;1.4994838237762451
2024-08-01 13:19:07;14.998580932617188;0.3888186812400818;1.5051443576812744
2024-08-01 13:19:08;14.992965698242188;0.3698047697544098;1.4553840160369873
2024-08-01 13:19:09;14.990737915039062;0.37236225605010986;1.4623711109161377
2024-08-01 13:19:11;14.987106323242188;0.37354540824890137;1.425687313079834
2024-08-01 13:19:12;14.986953735351562;0.3707204759120941;1.4523926973342896
2024-08-01 13:19:13;14.987167358398438;0.3679288625717163;1.4432172775268555
2024-08-01 13:19:14;14.987838745117188;0.36437568068504333;1.435257911682129
2024-08-01 13:19:15;14.991317749023438;0.36950618028640747;1.448865532875061
2024-08-01 13:19:16;14.993148803710938;0.3844131529331207;1.4756405353546143
2024-08-01 13:19:17;14.994247436523438;0.3767932951450348;1.4659876823425293
2024-08-01 13:19:18;14.997299194335938;0.36584317684173584;1.4364075660705566
2024-08-01 13:19:19;14.997848510742188;0.3687993586063385;1.4476786851882935
2024-08-01 13:19:20;14.999649047851562;0.39210525155067444;1.502845287322998
2024-08-01 13:19:21;15.001083374023438;0.3822539448738098;1.4895099401474
2024-08-01 13:19:22;15.000686645507812;0.37829622626304626;1.4717870950698853
2024-08-01 13:19:23;15.001205444335938;0.38139984011650085;1.481277585029602
2024-08-01 13:19:24;15.002090454101562;0.3887956440448761;1.4991720914840698
2024-08-01 13:19:25;15.001022338867188;0.3696337342262268;1.4531358480453491
2024-08-01 13:19:26;15.001571655273438;0.37894347310066223;1.4820008277893066
2024-08-01 13:19:27;15.001144409179688;0.3874408006668091;1.496307373046875
2024-08-01 13:19:29;15.001205444335938;0.39386263489723206;1.5173022747039795
2024-08-01 13:19:30;15.001998901367188;0.3829900026321411;1.4944031238555908
2024-08-01 13:19:31;15.000289916992188;0.3906722664833069;1.5058027505874634
2024-08-01 13:19:32;14.999496459960938;0.373562753200531;1.466190218925476
2024-08-01 13:19:33;14.998458862304688;0.38663414120674133;1.4465049505233765
2024-08-01 13:19:34;14.998519897460938;0.372747540473938;1.4637421369552612
2024-08-01 13:19:35;14.997817993164062;0.37341180443763733;1.464799165725708
2024-08-01 13:19:36;14.995925903320312;0.3628522455692291;1.4336658716201782
2024-08-01 13:19:37;14.993484497070312;0.3585713505744934;1.4188991785049438
2024-08-01 13:19:38;14.993331909179688;0.3590855896472931;1.4393976926803589
2024-08-01 13:19:39;14.993667602539062;0.36912208795547485;1.4437642097473145
2024-08-01 13:19:40;14.996871948242188;0.38377127051353455;1.4843858480453491
2024-08-01 13:19:41;14.998855590820312;0.37383756041526794;1.4600844383239746
2024-08-01 13:19:42;15.000869750976562;0.38172727823257446;1.4830949306488037
2024-08-01 13:19:43;15.001663208007812;0.3845818042755127;1.4743181467056274
2024-08-01 13:19:44;15.002517700195312;0.3796892464160919;1.4815764427185059
2024-08-01 13:19:45;15.002365112304688;0.38367781043052673;1.486236333847046
2024-08-01 13:19:46;15.001876831054688;0.37209615111351013;1.4657407999038696
2024-08-01 13:19:48;15.000961303710938;0.37291860580444336;1.4643783569335938
2024-08-01 13:19:49;14.999771118164062;0.3703397512435913;1.4587212800979614
2024-08-01 13:19:50;14.999008178710938;0.37755799293518066;1.4743627309799194
2024-08-01 13:19:51;14.998489379882812;0.37286341190338135;1.4600083827972412
2024-08-01 13:19:52;14.998397827148438;0.37673068046569824;1.469986081123352
2024-08-01 13:19:53;14.997634887695312;0.3804664611816406;1.4780710935592651
2024-08-01 13:19:54;14.998367309570312;0.3875769078731537;1.4750089645385742
2024-08-01 13:19:55;14.998214721679688;0.38477081060409546;1.490549921989441
2024-08-01 13:19:56;14.998458862304688;0.3787326216697693;1.4764283895492554
2024-08-01 13:19:57;14.999618530273438;0.3858795464038849;1.496042251586914
2024-08-01 13:19:58;14.999252319335938;0.3896375000476837;1.5054199695587158
2024-08-01 13:19:59;14.999893188476562;0.385846883058548;1.4924359321594238
2024-08-01 13:20:00;14.997634887695312;0.3744879364967346;1.4653706550598145
2024-08-01 13:20:01;14.998519897460938;0.3760319650173187;1.4709991216659546
2024-08-01 13:20:02;14.999618530273438;0.3865847885608673;1.500163197517395
2024-08-01 13:20:03;14.998733520507812;0.3789711594581604;1.475516676902771
2024-08-01 13:20:04;14.998641967773438;0.3803904354572296;1.4519524574279785
2024-08-01 13:20:05;14.999496459960938;0.367367684841156;1.4493134021759033
2024-08-01 13:20:07;15.000534057617188;0.39115676283836365;1.510298252105713
2024-08-01 13:20:08;15.000503540039062;0.3892826735973358;1.5045216083526611
2024-08-01 13:20:09;14.999252319335938;0.3863428831100464;1.4948253631591797
2024-08-01 13:20:10;14.999130249023438;0.37519410252571106;1.4680531024932861
2024-08-01 13:20:11;14.998458862304688;0.3780841827392578;1.4676040410995483
2024-08-01 13:20:12;14.998092651367188;0.3714122474193573;1.4547247886657715
2024-08-01 13:20:13;14.998794555664062;0.37947216629981995;1.4829530715942383
2024-08-01 13:20:14;14.998916625976562;0.3793894946575165;1.4803701639175415
2024-08-01 13:20:15;14.998275756835938;0.372702956199646;1.4619263410568237
2024-08-01 13:20:16;14.998947143554688;0.3801618218421936;1.4890962839126587
2024-08-01 13:20:17;14.998916625976562;0.38913947343826294;1.5055724382400513
2024-08-01 13:20:18;15.000625610351562;0.3888576924800873;1.5090006589889526
2024-08-01 13:20:19;15.000930786132812;0.39269042015075684;1.5157470703125
2024-08-01 13:20:20;15.000228881835938;0.378812700510025;1.4796305894851685
2024-08-01 13:20:21;14.998275756835938;0.3820324242115021;1.4559226036071777
2024-08-01 13:20:22;14.997482299804688;0.37188729643821716;1.4582335948944092
2024-08-01 13:20:23;14.998916625976562;0.37966981530189514;1.4806604385375977
2024-08-01 13:20:24;14.997970581054688;0.3747292160987854;1.468643307685852
2024-08-01 13:20:26;14.999008178710938;0.3786314129829407;1.4668350219726562
2024-08-01 13:20:27;14.998184204101562;0.38214197754859924;1.4842876195907593
2024-08-01 13:20:28;14.998733520507812;0.3391333222389221;1.3922462463378906
2024-08-01 13:20:29;14.998519897460938;0.29826128482818604;1.2633136510849
