Time,CH 1 Object Temperature,CH 1 Actual Output Current,CH 1 Actual Output Voltage
2024-10-21 08:04:51,20.000930786132812,-0.5260147452354431,-1.6309146881103516
2024-10-21 08:04:51,20.000930786132812,-0.5260147452354431,-1.6309146881103516
2024-10-21 08:04:52,20.000595092773438,-0.5221080780029297,-1.6191636323928833
2024-10-21 08:04:53,19.998916625976562,-0.5400318503379822,-1.6512162685394287
2024-10-21 08:04:54,19.997146606445312,-0.5349058508872986,-1.6459611654281616
2024-10-21 08:04:55,19.995468139648438,-0.5437509417533875,-1.6666606664657593
2024-10-21 08:04:56,19.994277954101562,-0.5478618741035461,-1.6720913648605347
2024-10-21 08:04:57,19.991775512695312,-0.5526503920555115,-1.687592625617981
2024-10-21 08:04:58,19.990249633789062,-0.549271821975708,-1.6834659576416016
2024-10-21 08:04:59,19.991622924804688,-0.5521196126937866,-1.6869481801986694
2024-10-21 08:05:00,19.992996215820312,-0.542428195476532,-1.667401671409607
2024-10-21 08:05:01,19.993484497070312,-0.5605480670928955,-1.705201268196106
2024-10-21 08:05:02,19.995681762695312,-0.5567923784255981,-1.6982332468032837
2024-10-21 08:05:03,19.998703002929688,-0.5449193120002747,-1.671897530555725
2024-10-21 08:05:04,20.000686645507812,-0.5418923497200012,-1.6619402170181274
2024-10-21 08:05:05,19.999160766601562,-0.5552051067352295,-1.6939984560012817
2024-10-21 08:05:06,19.997665405273438,-0.5638359189033508,-1.7123078107833862
2024-10-21 08:05:07,19.998184204101562,-0.550874650478363,-1.6885837316513062
2024-10-21 08:05:08,19.999008178710938,-0.5411735773086548,-1.6691632270812988
2024-10-21 08:05:09,20.001022338867188,-0.5451046228408813,-1.674200415611267
2024-10-21 08:05:09,20.001022338867188,-0.5451046228408813,-1.674200415611267
2024-10-21 08:05:10,20.002639770507812,-0.5384957194328308,-1.6588090658187866
2024-10-21 08:05:11,20.002517700195312,-0.548132598400116,-1.6831040382385254
2024-10-21 08:05:12,20.002334594726562,-0.4966978132724762,-1.5748779773712158
2024-10-21 08:05:13,19.998489379882812,-0.4580657482147217,-1.4881631135940552
2024-10-21 08:05:14,19.984390258789062,-0.41798701882362366,-1.3873560428619385
2024-10-21 08:05:16,19.958572387695312,-0.38056302070617676,-1.2894580364227295
2024-10-21 08:05:17,19.924484252929688,-0.33384019136428833,-1.1808453798294067
2024-10-21 08:05:18,19.874618530273438,-0.28837135434150696,-1.0694814920425415
2024-10-21 08:05:19,19.810348510742188,-0.24486924707889557,-0.9657554626464844
2024-10-21 08:05:20,19.738204956054688,-0.2177787870168686,-0.8840234875679016
2024-10-21 08:05:21,19.645278930664062,-0.1777370572090149,-0.7796211838722229
2024-10-21 08:05:22,19.536666870117188,-0.17999687790870667,-0.7642331719398499
2024-10-21 08:05:23,19.429519653320312,-0.2513096034526825,-0.8967586159706116
2024-10-21 08:05:24,19.311630249023438,-0.2784821391105652,-0.9589726328849792
2024-10-21 08:05:25,19.212844848632812,-0.3218230903148651,-1.0520793199539185
2024-10-21 08:05:26,19.114181518554688,-0.3654296398162842,-1.1499683856964111
2024-10-21 08:05:27,19.031723022460938,-0.4042023718357086,-1.2384247779846191
2024-10-21 08:05:28,18.969619750976562,-0.42781779170036316,-1.310853123664856
2024-10-21 08:05:29,18.915237426757812,-0.4884255826473236,-1.4546712636947632
2024-10-21 08:05:29,18.915237426757812,-0.4884255826473236,-1.4546712636947632
2024-10-21 08:05:30,18.878982543945312,-0.5313683748245239,-1.5544227361679077
2024-10-21 08:05:31,18.861404418945312,-0.5612720251083374,-1.6331490278244019
2024-10-21 08:05:32,18.856918334960938,-0.5614708065986633,-1.6550538539886475
2024-10-21 08:05:33,18.865127563476562,-0.5570849776268005,-1.6591259241104126
2024-10-21 08:05:34,18.883316040039062,-0.5511742234230042,-1.6601001024246216
2024-10-21 08:05:35,18.906814575195312,-0.5422380566596985,-1.6402661800384521
2024-10-21 08:05:36,18.929031372070312,-0.5417574644088745,-1.636425495147705
2024-10-21 08:05:37,18.951675415039062,-0.5305190086364746,-1.6169580221176147
2024-10-21 08:05:38,18.973434448242188,-0.5249531269073486,-1.601213812828064
2024-10-21 08:05:39,18.989303588867188,-0.5236762762069702,-1.6006784439086914
2024-10-21 08:05:40,19.006088256835938,-0.5108640193939209,-1.5689728260040283
2024-10-21 08:05:42,19.017715454101562,-0.5055974125862122,-1.555394172668457
2024-10-21 08:05:43,19.026657104492188,-0.49744775891304016,-1.5383576154708862
2024-10-21 08:05:44,19.033187866210938,-0.49048537015914917,-1.5196776390075684
2024-10-21 08:05:45,19.035018920898438,-0.4952816069126129,-1.5360705852508545
2024-10-21 08:05:46,19.036361694335938,-0.49192696809768677,-1.5176483392715454
2024-10-21 08:05:47,19.036544799804688,-0.47248169779777527,-1.4803370237350464
2024-10-21 08:05:48,19.031661987304688,-0.4907841980457306,-1.5137277841567993
2024-10-21 08:05:48,19.031661987304688,-0.4907841980457306,-1.5137277841567993
2024-10-21 08:05:49,19.027450561523438,-0.4771290421485901,-1.4897857904434204
2024-10-21 08:05:50,19.019485473632812,-0.5024940967559814,-1.5340145826339722
2024-10-21 08:05:51,19.011276245117188,-0.5058075785636902,-1.5429600477218628
2024-10-21 08:05:52,19.006423950195312,-0.49936944246292114,-1.5321625471115112
2024-10-21 08:05:53,19.002029418945312,-0.5054824948310852,-1.5455307960510254
2024-10-21 08:05:54,18.997390747070312,-0.5093861818313599,-1.5541287660598755
2024-10-21 08:05:55,18.996597290039062,-0.43409645557403564,-1.4143410921096802
2024-10-21 08:05:56,18.992691040039062,-0.462886780500412,-1.4611412286758423
2024-10-21 08:05:57,18.987991333007812,-0.4192960262298584,-1.3638426065444946
2024-10-21 08:05:58,18.979232788085938,-0.3664392828941345,-1.2402266263961792
2024-10-21 08:05:59,18.955978393554688,-0.34126967191696167,-1.1750752925872803
2024-10-21 08:06:00,18.925125122070312,-0.30797091126441956,-1.088391661643982
2024-10-21 08:06:01,18.878280639648438,-0.26870307326316833,-0.9994927644729614
2024-10-21 08:06:02,18.820571899414062,-0.2178112119436264,-0.8728141188621521
2024-10-21 08:06:03,18.754440307617188,-0.18218804895877838,-0.7762651443481445
2024-10-21 08:06:04,18.669845581054688,-0.13973045349121094,-0.6695016622543335
2024-10-21 08:06:05,18.579910278320312,-0.11593666672706604,-0.5940849781036377
2024-10-21 08:06:06,18.467788696289062,-0.16598358750343323,-0.681708812713623
2024-10-21 08:06:07,18.351242065429688,-0.2206367552280426,-0.7903298735618591
2024-10-21 08:06:09,18.246841430664062,-0.2668887972831726,-0.893977701663971
2024-10-21 08:06:09,18.246841430664062,-0.2668887972831726,-0.893977701663971
2024-10-21 08:06:10,18.144241333007812,-0.30543482303619385,-0.9839213490486145
2024-10-21 08:06:11,18.063796997070312,-0.3342752754688263,-1.063891053199768
2024-10-21 08:06:12,17.986618041992188,-0.3931296467781067,-1.18323814868927
2024-10-21 08:06:13,17.926956176757812,-0.4273126423358917,-1.2767587900161743
2024-10-21 08:06:14,17.887680053710938,-0.481080561876297,-1.4041107892990112
2024-10-21 08:06:15,17.860244750976562,-0.5208219885826111,-1.511137843132019
2024-10-21 08:06:16,17.853103637695312,-0.5309975743293762,-1.544761300086975
2024-10-21 08:06:17,17.859176635742188,-0.526056170463562,-1.5461300611495972
2024-10-21 08:06:18,17.877700805664062,-0.5130884647369385,-1.5268317461013794
2024-10-21 08:06:19,17.895706176757812,-0.5108010172843933,-1.528244137763977
2024-10-21 08:06:20,17.919326782226562,-0.5051509141921997,-1.519569993019104
2024-10-21 08:06:21,17.943191528320312,-0.4955451488494873,-1.4995826482772827
2024-10-21 08:06:22,17.966537475585938,-0.48846492171287537,-1.4863674640655518
2024-10-21 08:06:23,17.985733032226562,-0.48014867305755615,-1.4686070680618286
2024-10-21 08:06:24,18.004409790039062,-0.45550599694252014,-1.4392281770706177
2024-10-21 08:06:25,18.018081665039062,-0.46976596117019653,-1.4422177076339722
2024-10-21 08:06:26,18.026657104492188,-0.4627723693847656,-1.4254531860351562
2024-10-21 08:06:27,18.032821655273438,-0.46186208724975586,-1.42205810546875
2024-10-21 08:06:27,18.032821655273438,-0.46186208724975586,-1.42205810546875
2024-10-21 08:06:28,18.035903930664062,-0.45451802015304565,-1.4065048694610596
2024-10-21 08:06:29,18.036453247070312,-0.45210954546928406,-1.395209550857544
2024-10-21 08:06:30,18.035415649414062,-0.4374190866947174,-1.365688681602478
2024-10-21 08:06:31,18.031600952148438,-0.45522335171699524,-1.4005639553070068
2024-10-21 08:06:32,18.027481079101562,-0.45612820982933044,-1.4023710489273071
2024-10-21 08:06:33,18.022476196289062,-0.4494358003139496,-1.3898626565933228
2024-10-21 08:06:35,18.015731811523438,-0.4619266390800476,-1.4149754047393799
2024-10-21 08:06:36,18.011184692382812,-0.4603419899940491,-1.412204384803772
2024-10-21 08:06:37,18.006668090820312,-0.45714977383613586,-1.4071457386016846
2024-10-21 08:06:38,18.004135131835938,-0.44971418380737305,-1.3924347162246704
2024-10-21 08:06:39,18.000991821289062,-0.4583039879798889,-1.4100053310394287
2024-10-21 08:06:40,17.997512817382812,-0.4312960207462311,-1.3678147792816162
2024-10-21 08:06:41,17.992813110351562,-0.3991476595401764,-1.280328631401062
2024-10-21 08:06:42,17.985397338867188,-0.34851470589637756,-1.165524959564209
2024-10-21 08:06:43,17.968185424804688,-0.30289313197135925,-1.0506112575531006
2024-10-21 08:06:44,17.938003540039062,-0.2653960585594177,-0.9710078239440918
2024-10-21 08:06:45,17.898056030273438,-0.2358165830373764,-0.8907750844955444
2024-10-21 08:06:46,17.841445922851562,-0.19498635828495026,-0.7864471077919006
2024-10-21 08:06:46,17.841445922851562,-0.19498635828495026,-0.7864471077919006
2024-10-21 08:06:47,17.772750854492188,-0.1507469266653061,-0.6757919788360596
2024-10-21 08:06:48,17.696212768554688,-0.11820907890796661,-0.5860139727592468
2024-10-21 08:06:49,17.599899291992188,-0.07704582810401917,-0.490359902381897
2024-10-21 08:06:50,17.502059936523438,-0.10827484726905823,-0.5303980708122253
2024-10-21 08:06:51,17.382278442382812,-0.1799972653388977,-0.6666096448898315
2024-10-21 08:06:52,17.265945434570312,-0.22737275063991547,-0.7739779353141785
2024-10-21 08:06:53,17.170578002929688,-0.26723629236221313,-0.8502161502838135
2024-10-21 08:06:54,17.075576782226562,-0.3062751293182373,-0.9560027122497559
2024-10-21 08:06:55,16.998428344726562,-0.35233527421951294,-1.0606757402420044
2024-10-21 08:06:56,16.940841674804688,-0.38330599665641785,-1.1412185430526733
2024-10-21 08:06:57,16.895797729492188,-0.4217170476913452,-1.2379869222640991
2024-10-21 08:06:58,16.869735717773438,-0.466050922870636,-1.3467272520065308
2024-10-21 08:06:59,16.854660034179688,-0.4906267821788788,-1.4188579320907593
2024-10-21 08:07:01,16.858535766601562,-0.4921262860298157,-1.4354791641235352
2024-10-21 08:07:02,16.871231079101562,-0.48037558794021606,-1.4230369329452515
2024-10-21 08:07:03,16.892654418945312,-0.47235235571861267,-1.4133659601211548
2024-10-21 08:07:04,16.916824340820312,-0.45921260118484497,-1.386613130569458
2024-10-21 08:07:05,16.939193725585938,-0.46226707100868225,-1.3952486515045166
2024-10-21 08:07:06,16.959640502929688,-0.47153088450431824,-1.412300944328308
2024-10-21 08:07:07,16.978652954101562,-0.45153340697288513,-1.3744869232177734
2024-10-21 08:07:07,16.978652954101562,-0.45153340697288513,-1.3744869232177734
2024-10-21 08:07:08,16.997299194335938,-0.4347389340400696,-1.344598412513733
2024-10-21 08:07:09,17.010787963867188,-0.43183639645576477,-1.3273351192474365
2024-10-21 08:07:10,17.022567749023438,-0.42229411005973816,-1.3069885969161987
2024-10-21 08:07:11,17.031661987304688,-0.4130007028579712,-1.282092809677124
2024-10-21 08:07:12,17.036972045898438,-0.41145479679107666,-1.2731332778930664
2024-10-21 08:07:13,17.041213989257812,-0.3892163336277008,-1.2310187816619873
2024-10-21 08:07:14,17.040634155273438,-0.4016529619693756,-1.2420321702957153
2024-10-21 08:07:15,17.037490844726562,-0.4097139537334442,-1.2557510137557983
2024-10-21 08:07:16,17.033584594726562,-0.40800753235816956,-1.2525334358215332
2024-10-21 08:07:17,17.027328491210938,-0.4097312390804291,-1.256477952003479
2024-10-21 08:07:18,17.019760131835938,-0.4139716327190399,-1.2665162086486816
2024-10-21 08:07:19,17.013809204101562,-0.40563061833381653,-1.24905526638031
2024-10-21 08:07:20,17.010147094726562,-0.4094475209712982,-1.2573919296264648
2024-10-21 08:07:21,17.003616333007812,-0.4110691547393799,-1.265828251838684
2024-10-21 08:07:22,17.000320434570312,-0.4243377149105072,-1.2922437191009521
2024-10-21 08:07:23,16.995712280273438,-0.39711183309555054,-1.2619843482971191
2024-10-21 08:07:24,16.993118286132812,-0.37498658895492554,-1.185680866241455
2024-10-21 08:07:25,16.987686157226562,-0.32035499811172485,-1.0723931789398193
2024-10-21 08:07:26,16.972671508789062,-0.2906266152858734,-0.9971802830696106
2024-10-21 08:07:28,16.949234008789062,-0.2521930932998657,-0.912755012512207
2024-10-21 08:07:28,16.949234008789062,-0.2521930932998657,-0.912755012512207
2024-10-21 08:07:29,16.914047241210938,-0.20855484902858734,-0.8032698631286621
2024-10-21 08:07:30,16.866561889648438,-0.17322464287281036,-0.6940862536430359
2024-10-21 08:07:31,16.809677124023438,-0.12225418537855148,-0.5931259393692017
2024-10-21 08:07:32,16.734268188476562,-0.08580704033374786,-0.4986836612224579
2024-10-21 08:07:33,16.645065307617188,-0.04094314947724342,-0.38915497064590454
2024-10-21 08:07:34,16.552963256835938,-0.03979950025677681,-0.3602028787136078
2024-10-21 08:07:35,16.440750122070312,-0.0920257642865181,-0.4477761685848236
2024-10-21 08:07:36,16.324050903320312,-0.14783555269241333,-0.5616229772567749
2024-10-21 08:07:37,16.223495483398438,-0.18872033059597015,-0.648819088935852
2024-10-21 08:07:38,16.122665405273438,-0.2324669063091278,-0.7543799877166748
2024-10-21 08:07:39,16.043624877929688,-0.2741340696811676,-0.8515427708625793
2024-10-21 08:07:40,15.972854614257812,-0.3082188665866852,-0.936871349811554
2024-10-21 08:07:41,15.917312622070312,-0.3601449728012085,-1.0543688535690308
2024-10-21 08:07:42,15.880416870117188,-0.4081844091415405,-1.1678227186203003
2024-10-21 08:07:43,15.858657836914062,-0.44243887066841125,-1.2533605098724365
2024-10-21 08:07:44,15.848983764648438,-0.46058663725852966,-1.3238530158996582
2024-10-21 08:07:45,15.854507446289062,-0.4539628028869629,-1.3269333839416504
2024-10-21 08:07:46,15.875411987304688,-0.4306446313858032,-1.2850576639175415
2024-10-21 08:07:47,15.898757934570312,-0.42366427183151245,-1.269472360610962
2024-10-21 08:07:47,15.898757934570312,-0.42366427183151245,-1.269472360610962
2024-10-21 08:07:48,15.925643920898438,-0.4201870858669281,-1.2589086294174194
2024-10-21 08:07:49,15.950332641601562,-0.42187732458114624,-1.2630128860473633
2024-10-21 08:07:50,15.968215942382812,-0.41893550753593445,-1.2563889026641846
2024-10-21 08:07:51,15.989852905273438,-0.3913119435310364,-1.1960574388504028
2024-10-21 08:07:52,16.004074096679688,-0.3976189196109772,-1.2069597244262695
2024-10-21 08:07:54,16.016128540039062,-0.3890591561794281,-1.1876072883605957
2024-10-21 08:07:55,16.025894165039062,-0.3865501284599304,-1.1757699251174927
2024-10-21 08:07:56,16.031997680664062,-0.3812254071235657,-1.1627284288406372
2024-10-21 08:07:57,16.034866333007812,-0.3767090141773224,-1.1546474695205688
2024-10-21 08:07:58,16.037887573242188,-0.37142214179039,-1.1391934156417847
2024-10-21 08:07:59,16.036666870117188,-0.36325380206108093,-1.1248424053192139
2024-10-21 08:08:00,16.034042358398438,-0.36162692308425903,-1.1193054914474487
2024-10-21 08:08:01,16.028732299804688,-0.3647850751876831,-1.1270896196365356
2024-10-21 08:08:02,16.023300170898438,-0.3771243989467621,-1.1445159912109375
2024-10-21 08:08:03,16.016555786132812,-0.37520813941955566,-1.1448570489883423
2024-10-21 08:08:04,16.010818481445312,-0.36778751015663147,-1.1336572170257568
2024-10-21 08:08:05,16.005416870117188,-0.37780383229255676,-1.1511465311050415
2024-10-21 08:08:06,16.001876831054688,-0.3815574049949646,-1.1630136966705322
2024-10-21 08:08:07,15.999496459960938,-0.34430304169654846,-1.091699481010437
2024-10-21 08:08:07,15.999496459960938,-0.34430304169654846,-1.091699481010437
2024-10-21 08:08:08,15.997573852539062,-0.33515504002571106,-1.0673867464065552
2024-10-21 08:08:09,15.991561889648438,-0.284294456243515,-0.9645490646362305
2024-10-21 08:08:10,15.979660034179688,-0.25351983308792114,-0.8933871984481812
2024-10-21 08:08:11,15.960372924804688,-0.20692101120948792,-0.7787993550300598
2024-10-21 08:08:12,15.932601928710938,-0.1629566252231598,-0.6696349382400513
2024-10-21 08:08:13,15.887557983398438,-0.1263095885515213,-0.5795124769210815
2024-10-21 08:08:14,15.827133178710938,-0.08973313122987747,-0.48698246479034424
2024-10-21 08:08:15,15.757980346679688,-0.06412926316261292,-0.4165305495262146
2024-10-21 08:08:16,15.671463012695312,-0.016272736713290215,-0.30168312788009644
2024-10-21 08:08:17,15.580123901367188,0.009859848767518997,-0.22719798982143402
2024-10-21 08:08:18,15.468582153320312,-0.04122505336999893,-0.3122144341468811
2024-10-21 08:08:20,15.354080200195312,-0.08873406052589417,-0.4020802080631256
2024-10-21 08:08:21,15.252487182617188,-0.1248195692896843,-0.4810011386871338
2024-10-21 08:08:22,15.148544311523438,-0.1707405149936676,-0.5816367864608765
2024-10-21 08:08:23,15.067733764648438,-0.20112000405788422,-0.6574186682701111
2024-10-21 08:08:24,14.990798950195312,-0.25741273164749146,-0.7880052924156189
2024-10-21 08:08:25,14.931808471679688,-0.29817381501197815,-0.8804282546043396
2024-10-21 08:08:26,14.891708374023438,-0.3400665521621704,-0.9841336011886597
2024-10-21 08:08:27,14.866561889648438,-0.37057027220726013,-1.0607508420944214
2024-10-21 08:08:27,14.866561889648438,-0.37057027220726013,-1.0607508420944214
2024-10-21 08:08:28,14.855880737304688,-0.4044189155101776,-1.1494026184082031
2024-10-21 08:08:29,14.860885620117188,-0.3827837109565735,-1.1248180866241455
2024-10-21 08:08:30,14.876113891601562,-0.3795529007911682,-1.1218761205673218
2024-10-21 08:08:31,14.892745971679688,-0.3867907226085663,-1.1371196508407593
2024-10-21 08:08:32,14.916061401367188,-0.3704400062561035,-1.1112630367279053
2024-10-21 08:08:33,14.940261840820312,-0.36749085783958435,-1.1054950952529907
2024-10-21 08:08:34,14.961196899414062,-0.3618687093257904,-1.0893542766571045
2024-10-21 08:08:35,14.981948852539062,-0.35679376125335693,-1.0811939239501953
2024-10-21 08:08:36,15.000381469726562,-0.33477041125297546,-1.037850022315979
2024-10-21 08:08:37,15.013839721679688,-0.33788689970970154,-1.0418368577957153
2024-10-21 08:08:38,15.024093627929688,-0.3314240574836731,-1.0274523496627808
2024-10-21 08:08:39,15.032211303710938,-0.3315967917442322,-1.0210533142089844
2024-10-21 08:08:40,15.035934448242188,-0.3233969807624817,-1.0031890869140625
2024-10-21 08:08:42,15.037643432617188,-0.3168924152851105,-0.990044355392456
2024-10-21 08:08:43,15.038162231445312,-0.3149517774581909,-0.981671929359436
2024-10-21 08:08:44,15.035873413085938,-0.31606525182724,-0.9808249473571777
2024-10-21 08:08:45,15.028884887695312,-0.3219631314277649,-0.9930452704429626
2024-10-21 08:08:46,15.025527954101562,-0.3078068494796753,-0.977320671081543
2024-10-21 08:08:46,15.025527954101562,-0.3078068494796753,-0.977320671081543
2024-10-21 08:08:47,15.019515991210938,-0.32664528489112854,-0.9996092915534973
2024-10-21 08:08:48,15.014266967773438,-0.32184717059135437,-0.991848886013031
2024-10-21 08:08:49,15.007919311523438,-0.32707446813583374,-1.0031691789627075
2024-10-21 08:08:50,15.005752563476562,-0.3293197453022003,-1.0037609338760376
2024-10-21 08:08:51,15.000930786132812,-0.31553953886032104,-0.9856961369514465
2024-10-21 08:08:52,14.997238159179688,-0.3097856044769287,-0.9703219532966614
2024-10-21 08:08:53,14.991867065429688,-0.273733913898468,-0.8979410529136658
2024-10-21 08:08:54,14.983718872070312,-0.22833214700222015,-0.7955408096313477
2024-10-21 08:08:55,14.965560913085938,-0.18641319870948792,-0.6956590414047241
2024-10-21 08:08:56,14.936813354492188,-0.1394527554512024,-0.5896369218826294
2024-10-21 08:08:57,14.900741577148438,-0.09912071377038956,-0.49533846974372864
2024-10-21 08:08:58,14.848129272460938,-0.06640320271253586,-0.40719082951545715
2024-10-21 08:08:59,14.787338256835938,-0.01216735877096653,-0.2784859538078308
2024-10-21 08:09:01,14.707656860351562,0.027486421167850494,-0.17727746069431305
2024-10-21 08:09:02,14.613754272460938,0.07506638020277023,-0.06958960741758347
2024-10-21 08:09:03,14.517227172851562,0.057462312281131744,-0.10275585204362869
2024-10-21 08:09:04,14.403640747070312,-0.004104996100068092,-0.18228180706501007
2024-10-21 08:09:05,14.297500610351562,-0.06129608303308487,-0.3029928505420685
2024-10-21 08:09:06,14.189132690429688,-0.1026252806186676,-0.39346593618392944
2024-10-21 08:09:07,14.094833374023438,-0.13080063462257385,-0.4636106789112091
2024-10-21 08:09:08,14.020523071289062,-0.1719810515642166,-0.5806573033332825
2024-10-21 08:09:09,13.955551147460938,-0.21543236076831818,-0.6621454358100891
2024-10-21 08:09:09,13.955551147460938,-0.21543236076831818,-0.6621454358100891
2024-10-21 08:09:10,13.908889770507812,-0.2701411843299866,-0.7877315282821655
2024-10-21 08:09:11,13.874313354492188,-0.3188773989677429,-0.8977645039558411
2024-10-21 08:09:12,13.858688354492188,-0.33471375703811646,-0.954085648059845
2024-10-21 08:09:13,13.858779907226562,-0.34071242809295654,-0.9756898283958435
2024-10-21 08:09:14,13.868118286132812,-0.3331826627254486,-0.9788662195205688
2024-10-21 08:09:15,13.885116577148438,-0.31952735781669617,-0.9582322239875793
2024-10-21 08:09:16,13.907394409179688,-0.3151126801967621,-0.9530500173568726
2024-10-21 08:09:17,13.930191040039062,-0.32150861620903015,-0.9650267958641052
2024-10-21 08:09:18,13.950729370117188,-0.3150913715362549,-0.9513986110687256
2024-10-21 08:09:20,13.971603393554688,-0.30707722902297974,-0.9374648332595825
2024-10-21 08:09:21,13.990707397460938,-0.301720529794693,-0.9251793026924133
2024-10-21 08:09:22,14.005477905273438,-0.2967495322227478,-0.9114934802055359
2024-10-21 08:09:23,14.018112182617188,-0.28584790229797363,-0.8889518976211548
2024-10-21 08:09:24,14.026260375976562,-0.2773471474647522,-0.8823559880256653
2024-10-21 08:09:25,14.033248901367188,-0.2700375020503998,-0.8630542755126953
2024-10-21 08:09:26,14.037002563476562,-0.27076953649520874,-0.8522408604621887
2024-10-21 08:09:27,14.037582397460938,-0.2643875181674957,-0.8373562097549438
2024-10-21 08:09:28,14.035903930664062,-0.26152729988098145,-0.829291820526123
2024-10-21 08:09:29,14.032394409179688,-0.26577720046043396,-0.8342878222465515
2024-10-21 08:09:29,14.032394409179688,-0.26577720046043396,-0.8342878222465515
2024-10-21 08:09:30,14.025924682617188,-0.2694512605667114,-0.8429529070854187
2024-10-21 08:09:31,14.020492553710938,-0.26629260182380676,-0.8368279337882996
2024-10-21 08:09:32,14.015060424804688,-0.2769327461719513,-0.8563669919967651
2024-10-21 08:09:33,14.007736206054688,-0.2763711214065552,-0.8594965934753418
2024-10-21 08:09:34,14.002731323242188,-0.27098003029823303,-0.8548630475997925
2024-10-21 08:09:35,14.003005981445312,-0.2632567882537842,-0.83376145362854
2024-10-21 08:09:36,13.999130249023438,-0.2709563970565796,-0.8462458848953247
2024-10-21 08:09:37,13.996810913085938,-0.22261200845241547,-0.7522309422492981
2024-10-21 08:09:39,13.990158081054688,-0.1819629818201065,-0.6559643149375916
2024-10-21 08:09:40,13.974075317382812,-0.1572769284248352,-0.5901260375976562
2024-10-21 08:09:41,13.952224731445312,-0.10332794487476349,-0.4736250340938568
2024-10-21 08:09:42,13.914840698242188,-0.050017550587654114,-0.3545777201652527
2024-10-21 08:09:43,13.872817993164062,-0.009725570678710938,-0.2495996654033661
2024-10-21 08:09:44,13.808670043945312,0.022108841687440872,-0.16728566586971283
2024-10-21 08:09:45,13.732955932617188,0.06978416442871094,-0.05261874571442604
2024-10-21 08:09:46,13.652359008789062,0.12680168449878693,0.07257409393787384
2024-10-21 08:09:47,13.549636840820312,0.1314365416765213,0.10687517374753952
2024-10-21 08:09:48,13.446060180664062,0.05795135721564293,-0.020180517807602882
2024-10-21 08:09:49,13.327194213867188,7.62939453125e-06,-0.12940315902233124
2024-10-21 08:09:49,13.327194213867188,7.62939453125e-06,-0.12940315902233124
2024-10-21 08:09:50,13.218276977539062,-0.02196197584271431,-0.1876278519630432
2024-10-21 08:09:51,13.127853393554688,-0.06148720160126686,-0.2774996757507324
2024-10-21 08:09:52,13.043624877929688,-0.09957123547792435,-0.3703916370868683
2024-10-21 08:09:53,12.974227905273438,-0.1373066008090973,-0.4609318971633911
2024-10-21 08:09:54,12.922317504882812,-0.19965973496437073,-0.5889163613319397
2024-10-21 08:09:55,12.882247924804688,-0.2544387876987457,-0.7197586297988892
2024-10-21 08:09:57,12.858444213867188,-0.28892260789871216,-0.8111497759819031
2024-10-21 08:09:58,12.853256225585938,-0.29105955362319946,-0.833750307559967
2024-10-21 08:09:59,12.861343383789062,-0.27450379729270935,-0.8334221243858337
2024-10-21 08:10:00,12.879623413085938,-0.2645416259765625,-0.8041307330131531
2024-10-21 08:10:01,12.901748657226562,-0.27093586325645447,-0.8153339624404907
2024-10-21 08:10:02,12.924087524414062,-0.261313259601593,-0.8023356795310974
2024-10-21 08:10:03,12.942764282226562,-0.2789527177810669,-0.8227464556694031
2024-10-21 08:10:04,12.963058471679688,-0.26079249382019043,-0.8041683435440063
2024-10-21 08:10:05,12.980850219726562,-0.25415536761283875,-0.7891783118247986
2024-10-21 08:10:06,12.995803833007812,-0.25986140966415405,-0.7989608645439148
2024-10-21 08:10:07,13.009475708007812,-0.2518390715122223,-0.7814854383468628
2024-10-21 08:10:08,13.019027709960938,-0.23655320703983307,-0.7416397333145142
2024-10-21 08:10:09,13.024612426757812,-0.2414604276418686,-0.7537917494773865
2024-10-21 08:10:09,13.024612426757812,-0.2414604276418686,-0.7537917494773865
2024-10-21 08:10:10,13.026809692382812,-0.2460632473230362,-0.7643216848373413
2024-10-21 08:10:11,13.031173706054688,-0.22146226465702057,-0.7139173150062561
2024-10-21 08:10:12,13.032974243164062,-0.21661454439163208,-0.7006385326385498
2024-10-21 08:10:13,13.031021118164062,-0.22097322344779968,-0.7203330397605896
2024-10-21 08:10:14,13.030349731445312,-0.21348343789577484,-0.689307451248169
2024-10-21 08:10:16,13.027603149414062,-0.2122776061296463,-0.6853880882263184
2024-10-21 08:10:17,13.023605346679688,-0.21944962441921234,-0.6967476010322571
2024-10-21 08:10:18,13.020584106445312,-0.21756058931350708,-0.6911292672157288
2024-10-21 08:10:19,13.015029907226562,-0.22105827927589417,-0.7022571563720703
2024-10-21 08:10:20,13.009841918945312,-0.23786774277687073,-0.7318798899650574
2024-10-21 08:10:21,13.005386352539062,-0.22500154376029968,-0.7087104916572571
2024-10-21 08:10:22,13.003067016601562,-0.2418365627527237,-0.7418932914733887
2024-10-21 08:10:23,13.000778198242188,-0.19744759798049927,-0.6491097211837769
2024-10-21 08:10:24,12.996688842773438,-0.13948746025562286,-0.5331680178642273
2024-10-21 08:10:25,12.984664916992188,-0.09997406601905823,-0.44289499521255493
2024-10-21 08:10:26,12.963668823242188,-0.06441193073987961,-0.35818517208099365
2024-10-21 08:10:27,12.933395385742188,-0.021786881610751152,-0.25421154499053955
2024-10-21 08:10:28,12.888961791992188,0.02139434963464737,-0.13338038325309753
2024-10-21 08:10:28,12.888961791992188,0.02139434963464737,-0.13338038325309753
2024-10-21 08:10:29,12.829971313476562,0.0683361068367958,-0.044981449842453
2024-10-21 08:10:30,12.758865356445312,0.1200229674577713,0.08013895899057388
2024-10-21 08:10:31,12.681900024414062,0.1666870266199112,0.19264988601207733
2024-10-21 08:10:32,12.582717895507812,0.18991318345069885,0.26451781392097473
2024-10-21 08:10:34,12.480636596679688,0.13717156648635864,0.17844784259796143
2024-10-21 08:10:35,12.362899780273438,0.08894272148609161,0.08571251481771469
2024-10-21 08:10:36,12.251693725585938,0.052811432629823685,0.01017063669860363
2024-10-21 08:10:37,12.158126831054688,-0.002923965686932206,-0.103437639772892
2024-10-21 08:10:38,12.068161010742188,-0.027024079114198685,-0.16773559153079987
2024-10-21 08:10:39,11.997726440429688,-0.08904571831226349,-0.3064979016780853
2024-10-21 08:10:40,11.934158325195312,-0.13838845491409302,-0.41489601135253906
2024-10-21 08:10:41,11.889083862304688,-0.17584533989429474,-0.5057817697525024
2024-10-21 08:10:42,11.863021850585938,-0.22467881441116333,-0.6276471018791199
2024-10-21 08:10:43,11.852157592773438,-0.2477012723684311,-0.6963889598846436
2024-10-21 08:10:44,11.856430053710938,-0.23731538653373718,-0.6911918520927429
2024-10-21 08:10:45,11.871475219726562,-0.23368340730667114,-0.690916895866394
2024-10-21 08:10:46,11.890945434570312,-0.2327873408794403,-0.6923346519470215
2024-10-21 08:10:47,11.908950805664062,-0.23668061196804047,-0.706601619720459
2024-10-21 08:10:48,11.927658081054688,-0.24547578394412994,-0.7272777557373047
2024-10-21 08:10:49,11.947067260742188,-0.24188882112503052,-0.7228792309761047
2024-10-21 08:10:50,11.965896606445312,-0.22589494287967682,-0.6818678379058838
2024-10-21 08:10:50,11.965896606445312,-0.22589494287967682,-0.6818678379058838
2024-10-21 08:10:51,11.986679077148438,-0.20639267563819885,-0.6495152115821838
2024-10-21 08:10:53,12.004745483398438,-0.1953987181186676,-0.6200563311576843
2024-10-21 08:10:54,12.019271850585938,-0.18643265962600708,-0.600696325302124
2024-10-21 08:10:55,12.030136108398438,-0.17491112649440765,-0.5734786987304688
2024-10-21 08:10:56,12.035507202148438,-0.1770198941230774,-0.573894739151001
2024-10-21 08:10:57,12.041793823242188,-0.15204507112503052,-0.5255681276321411
2024-10-21 08:10:58,12.042709350585938,-0.16325341165065765,-0.5406317114830017
2024-10-21 08:10:59,12.037887573242188,-0.17750512063503265,-0.5656756162643433
2024-10-21 08:11:00,12.034408569335938,-0.17477265000343323,-0.550189197063446
2024-10-21 08:11:01,12.028091430664062,-0.1691284328699112,-0.5509847402572632
2024-10-21 08:11:02,12.021865844726562,-0.17332345247268677,-0.5538296103477478
2024-10-21 08:11:03,12.016006469726562,-0.1888687163591385,-0.585500955581665
2024-10-21 08:11:04,12.010391235351562,-0.17241822183132172,-0.5580226182937622
2024-10-21 08:11:05,12.007644653320312,-0.16507378220558167,-0.5438677072525024
2024-10-21 08:11:06,12.004592895507812,-0.17347413301467896,-0.5572506785392761
2024-10-21 08:11:07,12.000747680664062,-0.1747787594795227,-0.561328649520874
2024-10-21 08:11:08,11.997573852539062,-0.16637688875198364,-0.5430095195770264
2024-10-21 08:11:09,11.991989135742188,-0.11676254868507385,-0.4449889659881592
2024-10-21 08:11:09,11.991989135742188,-0.11676254868507385,-0.4449889659881592
2024-10-21 08:11:10,11.982925415039062,-0.06264572590589523,-0.33037108182907104
2024-10-21 08:11:12,11.966049194335938,-0.013588333502411842,-0.21403314173221588
2024-10-21 08:11:13,11.940567016601562,0.022684479132294655,-0.12514203786849976
2024-10-21 08:11:14,11.899765014648438,0.06593513488769531,-0.020507007837295532
2024-10-21 08:11:15,11.851303100585938,0.10946884751319885,0.07676118612289429
2024-10-21 08:11:16,11.783370971679688,0.1552627682685852,0.1858479082584381
2024-10-21 08:11:17,11.699264526367188,0.17645607888698578,0.25378525257110596
2024-10-21 08:11:18,11.611801147460938,0.23126374185085297,0.38333824276924133
2024-10-21 08:11:19,11.505630493164062,0.21737824380397797,0.36208269000053406
2024-10-21 08:11:20,11.392745971679688,0.16538125276565552,0.2826736271381378
2024-10-21 08:11:21,11.288711547851562,0.10535545647144318,0.15803536772727966
2024-10-21 08:11:22,11.181869506835938,0.06376343220472336,0.06770077347755432
2024-10-21 08:11:23,11.095901489257812,0.02068786695599556,-0.023434307426214218
2024-10-21 08:11:24,11.017929077148438,-0.009333420544862747,-0.08937063068151474
2024-10-21 08:11:25,10.951217651367188,-0.0639217421412468,-0.21732890605926514
2024-10-21 08:11:26,10.904342651367188,-0.12234307080507278,-0.3474929630756378
2024-10-21 08:11:27,10.870315551757812,-0.1645553708076477,-0.45115169882774353
2024-10-21 08:11:28,10.855270385742188,-0.1912742704153061,-0.5262274742126465
2024-10-21 08:11:28,10.855270385742188,-0.1912742704153061,-0.5262274742126465
2024-10-21 08:11:30,10.853652954101562,-0.18640214204788208,-0.5573233366012573
2024-10-21 08:11:31,10.864059448242188,-0.18945999443531036,-0.5494725108146667
2024-10-21 08:11:32,10.881362915039062,-0.1805519163608551,-0.5414067506790161
2024-10-21 08:11:33,10.905838012695312,-0.16834908723831177,-0.5191320180892944
2024-10-21 08:11:34,10.928390502929688,-0.16955377161502838,-0.5152400732040405
2024-10-21 08:11:35,10.953598022460938,-0.15105019509792328,-0.48706328868865967
2024-10-21 08:11:36,10.975082397460938,-0.14435195922851562,-0.472741961479187
2024-10-21 08:11:37,10.992446899414062,-0.1400749236345291,-0.46328818798065186
2024-10-21 08:11:38,11.007583618164062,-0.14360886812210083,-0.4649771749973297
2024-10-21 08:11:39,11.016128540039062,-0.1535026580095291,-0.48314905166625977
2024-10-21 08:11:40,11.024978637695312,-0.12318840622901917,-0.42387160658836365
2024-10-21 08:11:41,11.031997680664062,-0.12264633923768997,-0.41850653290748596
2024-10-21 08:11:42,11.037826538085938,-0.10507622361183167,-0.38816678524017334
2024-10-21 08:11:43,11.039443969726562,-0.10732918232679367,-0.3830282986164093
2024-10-21 08:11:44,11.036605834960938,-0.11809960007667542,-0.399716854095459
2024-10-21 08:11:45,11.033004760742188,-0.11113739758729935,-0.3861449658870697
2024-10-21 08:11:46,11.027114868164062,-0.11873627454042435,-0.4018787741661072
2024-10-21 08:11:47,11.020736694335938,-0.11057205498218536,-0.3937213718891144
2024-10-21 08:11:49,11.016464233398438,-0.1140926405787468,-0.39459046721458435
2024-10-21 08:11:49,11.016464233398438,-0.1140926405787468,-0.39459046721458435
2024-10-21 08:11:50,11.010055541992188,-0.11165924370288849,-0.39168915152549744
2024-10-21 08:11:51,11.006362915039062,-0.12363015115261078,-0.41310977935791016
2024-10-21 08:11:52,11.002761840820312,-0.12098084390163422,-0.40756988525390625
2024-10-21 08:11:53,10.999130249023438,-0.11212196946144104,-0.39086082577705383
2024-10-21 08:11:54,10.994918823242188,-0.07225418090820312,-0.31230926513671875
2024-10-21 08:11:55,10.986557006835938,-0.03286933898925781,-0.22595901787281036
2024-10-21 08:11:56,10.970535278320312,-0.009191513061523438,-0.16408461332321167
2024-10-21 08:11:57,10.943984985351562,0.028488922864198685,-0.0783204510807991
2024-10-21 08:11:58,10.907180786132812,0.08345604687929153,0.036475345492362976
2024-10-21 08:11:59,10.862594604492188,0.12985534965991974,0.14476723968982697
2024-10-21 08:12:00,10.804611206054688,0.18160171806812286,0.2718607783317566
2024-10-21 08:12:01,10.735702514648438,0.2522476315498352,0.43772056698799133
2024-10-21 08:12:02,10.657821655273438,0.2957150340080261,0.5470911264419556
2024-10-21 08:12:03,10.557296752929688,0.2858358919620514,0.5552374124526978
2024-10-21 08:12:04,10.455001831054688,0.23948556184768677,0.4834797978401184
2024-10-21 08:12:05,10.337020874023438,0.1889873594045639,0.3760855495929718
2024-10-21 08:12:06,10.227890014648438,0.14658012986183167,0.28624165058135986
2024-10-21 08:12:08,10.138320922851562,0.1108928769826889,0.204942986369133
2024-10-21 08:12:08,10.138320922851562,0.1108928769826889,0.204942986369133
2024-10-21 08:12:09,10.054000854492188,0.07682380825281143,0.12296993285417557
2024-10-21 08:12:10,9.981460571289062,0.021996308118104935,0.00609685480594635
2024-10-21 08:12:11,9.928054809570312,-0.031023789197206497,-0.10987600684165955
2024-10-21 08:12:12,9.886367797851562,-0.0678352415561676,-0.20471855998039246
2024-10-21 08:12:13,9.862564086914062,-0.12827569246292114,-0.3403388261795044
2024-10-21 08:12:14,9.855453491210938,-0.1324913054704666,-0.3670514225959778
2024-10-21 08:12:15,9.859970092773438,-0.13077889382839203,-0.37855035066604614
2024-10-21 08:12:16,9.874038696289062,-0.11858521401882172,-0.35518497228622437
2024-10-21 08:12:17,9.893814086914062,-0.11759644001722336,-0.36749520897865295
2024-10-21 08:12:18,9.916702270507812,-0.10915566235780716,-0.3542557656764984
2024-10-21 08:12:19,9.936325073242188,-0.12081528455018997,-0.37691038846969604
2024-10-21 08:12:20,9.957931518554688,-0.1095806136727333,-0.35622960329055786
2024-10-21 08:12:21,9.976974487304688,-0.09101677685976028,-0.322291761636734
2024-10-21 08:12:22,9.994766235351562,-0.0900089293718338,-0.3164110481739044
2024-10-21 08:12:23,10.008529663085938,-0.07704582810401917,-0.28973230719566345
2024-10-21 08:12:24,10.019210815429688,-0.07473564147949219,-0.2822631597518921
2024-10-21 08:12:26,10.027114868164062,-0.06925278156995773,-0.27558955550193787
2024-10-21 08:12:27,10.034133911132812,-0.05993194878101349,-0.2442653775215149
2024-10-21 08:12:27,10.034133911132812,-0.05993194878101349,-0.2442653775215149
2024-10-21 08:12:28,10.036911010742188,-0.05422249063849449,-0.23439663648605347
2024-10-21 08:12:29,10.036056518554688,-0.05944519490003586,-0.23944243788719177
2024-10-21 08:12:30,10.033248901367188,-0.06679230183362961,-0.2512744963169098
2024-10-21 08:12:31,10.028274536132812,-0.06903266906738281,-0.2510475218296051
2024-10-21 08:12:32,10.024307250976562,-0.05687332525849342,-0.23466692864894867
2024-10-21 08:12:33,10.019851684570312,-0.06225166469812393,-0.24159444868564606
2024-10-21 08:12:34,10.015365600585938,-0.07363167405128479,-0.2629763185977936
2024-10-21 08:12:35,10.011062622070312,-0.059920504689216614,-0.23736608028411865
2024-10-21 08:12:36,10.007705688476562,-0.0633060485124588,-0.2432425320148468
2024-10-21 08:12:37,10.002609252929688,-0.07026977837085724,-0.2607109844684601
2024-10-21 08:12:38,9.996414184570312,-0.054170992225408554,-0.2323150336742401
2024-10-21 08:12:39,9.989791870117188,-0.05339393764734268,-0.2264832854270935
2024-10-21 08:12:40,9.984390258789062,0.007641983218491077,-0.1047758013010025
2024-10-21 08:12:41,9.971023559570312,0.040360260754823685,-0.02331474795937538
2024-10-21 08:12:42,9.953689575195312,0.10171661525964737,0.09985798597335815
2024-10-21 08:12:43,9.923019409179688,0.1502426266670227,0.21542011201381683
2024-10-21 08:12:45,9.881484985351562,0.21390725672245026,0.3609827756881714
2024-10-21 08:12:46,9.831069946289062,0.24794122576713562,0.4555603265762329
2024-10-21 08:12:47,9.759262084960938,0.2874250113964081,0.5595470070838928
2024-10-21 08:12:48,9.673660278320312,0.33734896779060364,0.6784029603004456
2024-10-21 08:12:48,9.673660278320312,0.33734896779060364,0.6784029603004456
2024-10-21 08:12:49,9.583145141601562,0.3684993088245392,0.7578331232070923
2024-10-21 08:12:50,9.474258422851562,0.3244421184062958,0.6986598968505859
2024-10-21 08:12:51,9.357528686523438,0.2744937241077423,0.6026792526245117
2024-10-21 08:12:52,9.257980346679688,0.22648392617702484,0.5018368363380432
2024-10-21 08:12:53,9.158889770507812,0.193309023976326,0.4282930791378021
2024-10-21 08:12:54,9.076950073242188,0.1499607115983963,0.3275061845779419
2024-10-21 08:12:55,9.000381469726562,0.0913059264421463,0.23016220331192017
2024-10-21 08:12:56,8.937255859375,0.049456026405096054,0.09994804859161377
2024-10-21 08:12:57,8.895919799804688,-0.0029804231598973274,-0.012679670937359333
2024-10-21 08:12:58,8.867691040039062,-0.03995933756232262,-0.10911846905946732
2024-10-21 08:12:59,8.8564453125,-0.06162300333380699,-0.17116892337799072
2024-10-21 08:13:00,8.858917236328125,-0.055521395057439804,-0.17284254729747772
2024-10-21 08:13:01,8.873336791992188,-0.047190096229314804,-0.16632406413555145
2024-10-21 08:13:03,8.891342163085938,-0.04799346998333931,-0.1721162348985672
2024-10-21 08:13:04,8.908065795898438,-0.059998705983161926,-0.20037661492824554
2024-10-21 08:13:05,8.928009033203125,-0.048287585377693176,-0.18333950638771057
2024-10-21 08:13:06,8.946258544921875,-0.05126228556036949,-0.2045471966266632
2024-10-21 08:13:07,8.964950561523438,-0.05379219353199005,-0.19422335922718048
2024-10-21 08:13:08,8.98370361328125,-0.03748321533203125,-0.16384920477867126
2024-10-21 08:13:08,8.98370361328125,-0.03748321533203125,-0.16384920477867126
2024-10-21 08:13:09,8.998916625976562,-0.023871231824159622,-0.13537564873695374
2024-10-21 08:13:10,9.01605224609375,0.0011314392322674394,-0.08235033601522446
2024-10-21 08:13:11,9.028778076171875,-0.0002700805780477822,-0.06190209835767746
2024-10-21 08:13:12,9.031875610351562,-0.011458969675004482,-0.09554296731948853
2024-10-21 08:13:13,9.034133911132812,-0.009676743298768997,-0.09111437201499939
2024-10-21 08:13:14,9.032730102539062,-0.012211990542709827,-0.09625046700239182
2024-10-21 08:13:15,9.030502319335938,-0.0016494751907885075,-0.07554908096790314
2024-10-21 08:13:16,9.027374267578125,-0.001670456025749445,-0.07873482257127762
2024-10-21 08:13:17,9.02545166015625,7.781983003951609e-05,-0.06906294077634811
2024-10-21 08:13:18,9.021804809570312,-0.010028076358139515,-0.087305948138237
2024-10-21 08:13:19,9.017547607421875,-0.006583786103874445,-0.07946484535932541
2024-10-21 08:13:20,9.011001586914062,-0.01669464260339737,-0.0999942421913147
2024-10-21 08:13:22,9.007431030273438,-0.0059715271927416325,-0.0777679830789566
2024-10-21 08:13:23,9.004898071289062,0.0016670228214934468,-0.06687570363283157
2024-10-21 08:13:24,9.00299072265625,-0.006653976626694202,-0.08186448365449905
2024-10-21 08:13:25,8.99761962890625,0.010098648257553577,-0.05059470608830452
2024-10-21 08:13:26,8.993621826171875,0.052077487111091614,0.03241576626896858
2024-10-21 08:13:27,8.986404418945312,0.11943283677101135,0.16901935636997223
2024-10-21 08:13:28,8.972625732421875,0.17301712930202484,0.2934951186180115
2024-10-21 08:13:28,8.972625732421875,0.17301712930202484,0.2934951186180115
2024-10-21 08:13:29,8.942169189453125,0.20051461458206177,0.36820706725120544
2024-10-21 08:13:30,8.899200439453125,0.24635468423366547,0.4882344901561737
2024-10-21 08:13:31,8.849594116210938,0.30197685956954956,0.6062527894973755
2024-10-21 08:13:32,8.78179931640625,0.35613149404525757,0.7321001887321472
2024-10-21 08:13:33,8.708480834960938,0.39762088656425476,0.8462284803390503
2024-10-21 08:13:34,8.6143798828125,0.45234230160713196,0.9787604808807373
2024-10-21 08:13:35,8.504043579101562,0.40875715017318726,0.9100013971328735
2024-10-21 08:13:36,8.395706176757812,0.33656075596809387,0.7768519520759583
2024-10-21 08:13:37,8.282012939453125,0.29464271664619446,0.6900722980499268
2024-10-21 08:13:38,8.185791015625,0.2557029724121094,0.6014764308929443
2024-10-21 08:13:39,8.091110229492188,0.20502473413944244,0.4883514642715454
2024-10-21 08:13:41,8.012359619140625,0.1694507747888565,0.39746618270874023
2024-10-21 08:13:42,7.95538330078125,0.13950157165527344,0.3248871862888336
2024-10-21 08:13:43,7.90771484375,0.0849815383553505,0.2050023227930069
2024-10-21 08:13:44,7.87640380859375,0.021298600360751152,0.07194474339485168
2024-10-21 08:13:45,7.85699462890625,-0.011651611886918545,-0.026039592921733856
2024-10-21 08:13:46,7.8561859130859375,-0.0017684937920421362,-0.020242823287844658
2024-10-21 08:13:47,7.86376953125,-0.010124588385224342,-0.04330422356724739
2024-10-21 08:13:48,7.878936767578125,0.004336548037827015,-0.027389967814087868
2024-10-21 08:13:49,7.8990325927734375,0.0059295655228197575,-0.025210941210389137
2024-10-21 08:13:50,7.922821044921875,0.010094452649354935,-0.021837659180164337
2024-10-21 08:13:50,7.922821044921875,0.010094452649354935,-0.021837659180164337
2024-10-21 08:13:51,7.943389892578125,-0.0005962371942587197,-0.04198216646909714
2024-10-21 08:13:52,7.9609527587890625,0.006363678257912397,-0.030607933178544044
2024-10-21 08:13:53,7.98077392578125,0.022190475836396217,0.0021796489600092173
2024-10-21 08:13:54,7.9977569580078125,0.028605271130800247,0.016768116503953934
2024-10-21 08:13:55,8.012588500976562,0.042792513966560364,0.03438255935907364
2024-10-21 08:13:56,8.022003173828125,0.02555999904870987,0.018575940281152725
2024-10-21 08:13:57,8.029495239257812,0.053327180445194244,0.0663716271519661
2024-10-21 08:13:58,8.038177490234375,0.06930732727050781,0.09991355985403061
2024-10-21 08:14:00,8.0391845703125,0.06434211879968643,0.09552276134490967
2024-10-21 08:14:01,8.039199829101562,0.06555481255054474,0.10349100083112717
2024-10-21 08:14:02,8.03448486328125,0.06422844529151917,0.09473418444395065
2024-10-21 08:14:03,8.030181884765625,0.06071930378675461,0.09130312502384186
2024-10-21 08:14:04,8.023956298828125,0.05101165920495987,0.07625065743923187
2024-10-21 08:14:05,8.019515991210938,0.05419807508587837,0.08092319220304489
2024-10-21 08:14:06,8.014450073242188,0.06273918598890305,0.09310110658407211
2024-10-21 08:14:07,8.007736206054688,0.05921478569507599,0.07792399823665619
2024-10-21 08:14:08,8.002883911132812,0.05486564710736275,0.08084278553724289
2024-10-21 08:14:09,8.000030517578125,0.05263862758874893,0.07389587163925171
2024-10-21 08:14:10,7.9986114501953125,0.08248481899499893,0.13060076534748077
2024-10-21 08:14:11,7.9928131103515625,0.09828338772058487,0.1628173440694809
2024-10-21 08:14:11,7.9928131103515625,0.09828338772058487,0.1628173440694809
2024-10-21 08:14:12,7.9846649169921875,0.1392814666032791,0.2648676931858063
2024-10-21 08:14:13,7.97100830078125,0.19920998811721802,0.38420069217681885
2024-10-21 08:14:14,7.949981689453125,0.24690666794776917,0.4967753291130066
2024-10-21 08:14:15,7.9132080078125,0.2803592085838318,0.5838180780410767
2024-10-21 08:14:16,7.86956787109375,0.33731985092163086,0.713010311126709
2024-10-21 08:14:17,7.8084869384765625,0.3714431822299957,0.8279364109039307
2024-10-21 08:14:19,7.7334442138671875,0.4332836866378784,0.954696774482727
2024-10-21 08:14:20,7.653228759765625,0.48171699047088623,1.072061538696289
2024-10-21 08:14:21,7.5516204833984375,0.4960256516933441,1.1226301193237305
2024-10-21 08:14:22,7.448974609375,0.42702966928482056,1.0105992555618286
2024-10-21 08:14:23,7.333648681640625,0.38568323850631714,0.8917652368545532
2024-10-21 08:14:24,7.224029541015625,0.34220167994499207,0.8179551362991333
2024-10-21 08:14:25,7.137603759765625,0.3167332410812378,0.7657681703567505
2024-10-21 08:14:26,7.0516357421875,0.2515895962715149,0.6313153505325317
2024-10-21 08:14:27,6.98052978515625,0.20984192192554474,0.5297014117240906
2024-10-21 08:14:28,6.9315338134765625,0.17281533777713776,0.4407667815685272
2024-10-21 08:14:29,6.8887176513671875,0.12126313149929047,0.30715668201446533
2024-10-21 08:14:30,6.863677978515625,0.05776672810316086,0.17392097413539886
2024-10-21 08:14:31,6.8541259765625,0.05923004448413849,0.14981350302696228
2024-10-21 08:14:32,6.8628692626953125,0.06563263386487961,0.15245240926742554
2024-10-21 08:14:32,6.8628692626953125,0.06563263386487961,0.15245240926742554
2024-10-21 08:14:33,6.8771209716796875,0.072265625,0.15786336362361908
2024-10-21 08:14:34,6.8928375244140625,0.0630519911646843,0.12130755186080933
2024-10-21 08:14:35,6.913421630859375,0.0677131712436676,0.13090352714061737
2024-10-21 08:14:37,6.936248779296875,0.08636704087257385,0.16932973265647888
2024-10-21 08:14:38,6.9580535888671875,0.075475312769413,0.1534697711467743
2024-10-21 08:14:39,6.97344970703125,0.07238121330738068,0.14792321622371674
2024-10-21 08:14:40,6.9913787841796875,0.09699402004480362,0.1912536323070526
2024-10-21 08:14:41,7.0073394775390625,0.10296402126550674,0.20887120068073273
2024-10-21 08:14:42,7.014862060546875,0.09474030137062073,0.19476768374443054
2024-10-21 08:14:43,7.024444580078125,0.11801987141370773,0.2418147623538971
2024-10-21 08:14:44,7.0274505615234375,0.11093674600124359,0.23032933473587036
2024-10-21 08:14:45,7.031036376953125,0.11606179177761078,0.24365533888339996
2024-10-21 08:14:46,7.033538818359375,0.11736107617616653,0.2486281543970108
2024-10-21 08:14:47,7.0316925048828125,0.12660866975784302,0.2669193148612976
2024-10-21 08:14:48,7.0284576416015625,0.12594757974147797,0.2686755955219269
2024-10-21 08:14:49,7.026824951171875,0.13246117532253265,0.2822074592113495
2024-10-21 08:14:50,7.020904541015625,0.12358856946229935,0.2668594419956207
2024-10-21 08:14:51,7.0162811279296875,0.1266704648733139,0.2705538868904114
2024-10-21 08:14:52,7.0116119384765625,0.11761437356472015,0.25440713763237
2024-10-21 08:14:53,7.00360107421875,0.10167618095874786,0.21990813314914703
2024-10-21 08:14:54,7.0022430419921875,0.12311477959156036,0.2609015703201294
2024-10-21 08:14:54,7.0022430419921875,0.12311477959156036,0.2609015703201294
2024-10-21 08:14:56,7.0010223388671875,0.12700767815113068,0.2686229348182678
2024-10-21 08:14:57,6.9970245361328125,0.16256943345069885,0.3372964560985565
2024-10-21 08:14:58,6.992950439453125,0.19966278970241547,0.4212205111980438
2024-10-21 08:14:59,6.9820098876953125,0.26170235872268677,0.5519667863845825
2024-10-21 08:15:00,6.9624786376953125,0.2882887125015259,0.628635823726654
2024-10-21 08:15:01,6.9279632568359375,0.3250454366207123,0.7175725698471069
2024-10-21 08:15:02,6.8844757080078125,0.393364280462265,0.8712158203125
2024-10-21 08:15:03,6.82952880859375,0.4258635938167572,0.9605494737625122
2024-10-21 08:15:04,6.758270263671875,0.48209840059280396,1.0943924188613892
2024-10-21 08:15:05,6.6731109619140625,0.5392564535140991,1.2282629013061523
2024-10-21 08:15:06,6.5833587646484375,0.5640933513641357,1.3059284687042236
2024-10-21 08:15:07,6.473052978515625,0.5071073770523071,1.2150328159332275
2024-10-21 08:15:08,6.3665313720703125,0.45202580094337463,1.1085121631622314
2024-10-21 08:15:09,6.2564239501953125,0.429928183555603,1.0569251775741577
2024-10-21 08:15:10,6.1569061279296875,0.3945879340171814,0.9758833646774292
2024-10-21 08:15:11,6.078857421875,0.3476238548755646,0.8941755890846252
2024-10-21 08:15:12,6.0038909912109375,0.30888593196868896,0.7806271910667419
2024-10-21 08:15:13,5.9478607177734375,0.24826127290725708,0.6476442813873291
2024-10-21 08:15:15,5.9006805419921875,0.19660264253616333,0.526004433631897
2024-10-21 08:15:16,5.8722991943359375,0.15266762673854828,0.4172685742378235
2024-10-21 08:15:16,5.8722991943359375,0.15266762673854828,0.4172685742378235
2024-10-21 08:15:17,5.8608551025390625,0.13875657320022583,0.3625631630420685
2024-10-21 08:15:18,5.86456298828125,0.1603286862373352,0.3943019509315491
2024-10-21 08:15:19,5.8759613037109375,0.14809837937355042,0.3639501929283142
2024-10-21 08:15:20,5.8936920166015625,0.14691162109375,0.35682252049446106
2024-10-21 08:15:21,5.9126129150390625,0.14692802727222443,0.3534834086894989
2024-10-21 08:15:22,5.931610107421875,0.13948975503444672,0.3366394639015198
2024-10-21 08:15:23,5.94903564453125,0.14184266328811646,0.3372364640235901
2024-10-21 08:15:24,5.969390869140625,0.15421181917190552,0.3710477948188782
2024-10-21 08:15:25,5.9847564697265625,0.1652427762746811,0.3823545277118683
2024-10-21 08:15:26,5.9968719482421875,0.1577903777360916,0.36832624673843384
2024-10-21 08:15:27,6.0103607177734375,0.1698475033044815,0.391964852809906
2024-10-21 08:15:28,6.0217437744140625,0.18931008875370026,0.4368700087070465
2024-10-21 08:15:29,6.028289794921875,0.17939873039722443,0.4291597008705139
2024-10-21 08:15:30,6.0275421142578125,0.1689712554216385,0.4009144902229309
2024-10-21 08:15:31,6.027984619140625,0.17455902695655823,0.41345539689064026
2024-10-21 08:15:33,6.0306243896484375,0.1984298825263977,0.4604205787181854
2024-10-21 08:15:34,6.031494140625,0.20274239778518677,0.47206658124923706
2024-10-21 08:15:35,6.0278472900390625,0.18653565645217896,0.4516502320766449
2024-10-21 08:15:36,6.023651123046875,0.18980713188648224,0.4512264132499695
2024-10-21 08:15:36,6.023651123046875,0.18980713188648224,0.4512264132499695
2024-10-21 08:15:37,6.0208282470703125,0.1939903348684311,0.46013784408569336
2024-10-21 08:15:38,6.01446533203125,0.1755882352590561,0.42682701349258423
2024-10-21 08:15:39,6.0076446533203125,0.1738147884607315,0.4187283217906952
2024-10-21 08:15:40,6.0048065185546875,0.19250184297561646,0.4622981548309326
2024-10-21 08:15:41,6.0011138916015625,0.186006560921669,0.43907031416893005
2024-10-21 08:15:42,5.998779296875,0.21884118020534515,0.5018723607063293
2024-10-21 08:15:43,5.99444580078125,0.2610541880130768,0.5926780700683594
2024-10-21 08:15:44,5.9878082275390625,0.3176555931568146,0.7142943739891052
2024-10-21 08:15:45,5.9720916748046875,0.36597517132759094,0.8262798190116882
2024-10-21 08:15:46,5.940673828125,0.40187397599220276,0.9211365580558777
2024-10-21 08:15:47,5.9035186767578125,0.4538305699825287,1.0439801216125488
2024-10-21 08:15:48,5.8477935791015625,0.4858047366142273,1.1286886930465698
2024-10-21 08:15:49,5.78533935546875,0.5488839149475098,1.2707607746124268
2024-10-21 08:15:50,5.7065582275390625,0.6150116920471191,1.4312392473220825
2024-10-21 08:15:52,5.6096649169921875,0.634934663772583,1.4872103929519653
2024-10-21 08:15:53,5.51312255859375,0.6134154200553894,1.4777929782867432
2024-10-21 08:15:54,5.3973236083984375,0.5398625135421753,1.339585781097412
2024-10-21 08:15:55,5.2951812744140625,0.5030425190925598,1.2635276317596436
2024-10-21 08:15:55,5.2951812744140625,0.5030425190925598,1.2635276317596436
2024-10-21 08:15:56,5.19366455078125,0.4800199866294861,1.2081787586212158
2024-10-21 08:15:57,5.1014251708984375,0.4261542856693268,1.1053907871246338
2024-10-21 08:15:58,5.028564453125,0.39302706718444824,0.9983851909637451
2024-10-21 08:15:59,4.961578369140625,0.3429845869541168,0.8753470182418823
2024-10-21 08:16:00,4.909515380859375,0.2891043424606323,0.7696306705474854
2024-10-21 08:16:01,4.879547119140625,0.24253274500370026,0.6582486033439636
2024-10-21 08:16:02,4.8622894287109375,0.19885559380054474,0.5519041419029236
2024-10-21 08:16:03,4.8599395751953125,0.198732390999794,0.5423403382301331
2024-10-21 08:16:04,4.868377685546875,0.20352250337600708,0.5300537347793579
2024-10-21 08:16:05,4.8852691650390625,0.20909501612186432,0.5354776978492737
2024-10-21 08:16:06,4.902496337890625,0.21105347573757172,0.5326148271560669
2024-10-21 08:16:07,4.9209442138671875,0.19449426233768463,0.5000274777412415
2024-10-21 08:16:08,4.939208984375,0.20709572732448578,0.5062626004219055
2024-10-21 08:16:09,4.9592437744140625,0.21998253464698792,0.5426315069198608
2024-10-21 08:16:11,4.978485107421875,0.23052826523780823,0.5639514923095703
2024-10-21 08:16:12,4.9927520751953125,0.22358475625514984,0.5538637042045593
2024-10-21 08:16:13,5.0060882568359375,0.24114152789115906,0.5855667591094971
2024-10-21 08:16:14,5.015350341796875,0.24232521653175354,0.5909177660942078
2024-10-21 08:16:14,5.015350341796875,0.24232521653175354,0.5909177660942078
2024-10-21 08:16:15,5.0238189697265625,0.25161439180374146,0.6114425659179688
2024-10-21 08:16:16,5.029205322265625,0.26031649112701416,0.6337291598320007
2024-10-21 08:16:17,5.0316925048828125,0.25604742765426636,0.6286625266075134
2024-10-21 08:16:18,5.031402587890625,0.2579101622104645,0.6316357851028442
2024-10-21 08:16:19,5.02874755859375,0.26209595799446106,0.6406244039535522
2024-10-21 08:16:20,5.0260467529296875,0.25577354431152344,0.6314821243286133
2024-10-21 08:16:21,5.0229034423828125,0.2714444100856781,0.6606956720352173
2024-10-21 08:16:22,5.020294189453125,0.26463958621025085,0.6482802629470825
2024-10-21 08:16:23,5.016204833984375,0.25586700439453125,0.6340696811676025
2024-10-21 08:16:24,5.01153564453125,0.27556270360946655,0.6685965061187744
2024-10-21 08:16:25,5.0083465576171875,0.2548874020576477,0.6307486295700073
2024-10-21 08:16:26,5.00445556640625,0.26172035932540894,0.6435183882713318
2024-10-21 08:16:27,5.002716064453125,0.2649074196815491,0.650344729423523
2024-10-21 08:16:28,5.0004119873046875,0.31730490922927856,0.7527602910995483
2024-10-21 08:16:30,4.992462158203125,0.3657137155532837,0.8539962768554688
2024-10-21 08:16:31,4.9803009033203125,0.4060747027397156,0.9595785737037659
2024-10-21 08:16:32,4.9541168212890625,0.44419440627098083,1.0525048971176147
2024-10-21 08:16:33,4.9203033447265625,0.5107342600822449,1.1957134008407593
2024-10-21 08:16:34,4.8703460693359375,0.5572019219398499,1.3092455863952637
2024-10-21 08:16:35,4.8066558837890625,0.6066380739212036,1.4237788915634155
2024-10-21 08:16:36,4.7357025146484375,0.6371366381645203,1.5194332599639893
2024-10-21 08:16:37,4.6479339599609375,0.7077463865280151,1.66378915309906
2024-10-21 08:16:38,4.546173095703125,0.7095325589179993,1.6942037343978882
2024-10-21 08:16:39,4.4459991455078125,0.6567155718803406,1.6181612014770508
2024-10-21 08:16:39,4.4459991455078125,0.6567155718803406,1.6181612014770508
2024-10-21 08:16:40,4.3357696533203125,0.6145965456962585,1.5422630310058594
2024-10-21 08:16:41,4.228729248046875,0.5645464062690735,1.4392070770263672
2024-10-21 08:16:42,4.141204833984375,0.5345548987388611,1.3611441850662231
2024-10-21 08:16:43,4.053131103515625,0.4803929626941681,1.246796727180481
2024-10-21 08:16:44,3.98712158203125,0.4304266571998596,1.1355189085006714
2024-10-21 08:16:45,3.9320526123046875,0.3962402045726776,1.0451706647872925
2024-10-21 08:16:46,3.891448974609375,0.3484901189804077,0.929327666759491
2024-10-21 08:16:47,3.8730621337890625,0.30706122517585754,0.8337566256523132
2024-10-21 08:16:49,3.861541748046875,0.2847730219364166,0.7650843262672424
2024-10-21 08:16:50,3.865875244140625,0.2898057997226715,0.7617872953414917
2024-10-21 08:16:51,3.87646484375,0.2805844843387604,0.7343535423278809
2024-10-21 08:16:52,3.8949737548828125,0.2920883297920227,0.7512606978416443
2024-10-21 08:16:53,3.91400146484375,0.28731122612953186,0.741033673286438
2024-10-21 08:16:54,3.934722900390625,0.29600411653518677,0.7522549629211426
2024-10-21 08:16:55,3.9523773193359375,0.29065364599227905,0.7401759028434753
2024-10-21 08:16:56,3.9705047607421875,0.2958526611328125,0.7516541481018066
2024-10-21 08:16:57,3.9881591796875,0.3036147952079773,0.7665549516677856
2024-10-21 08:16:58,4.0034332275390625,0.3229886591434479,0.8043612837791443
2024-10-21 08:16:59,4.0153350830078125,0.3136169910430908,0.7918151021003723
2024-10-21 08:16:59,4.0153350830078125,0.3136169910430908,0.7918151021003723
2024-10-21 08:17:00,4.024383544921875,0.34419965744018555,0.8412583470344543
2024-10-21 08:17:01,4.033477783203125,0.4252990186214447,1.0123807191848755
2024-10-21 08:17:02,4.034027099609375,0.48070400953292847,1.1402432918548584
2024-10-21 08:17:03,4.020843505859375,0.5295740962028503,1.256941318511963
2024-10-21 08:17:04,3.9910125732421875,0.5515689253807068,1.3281503915786743
2024-10-21 08:17:05,3.945556640625,0.6037105917930603,1.4513899087905884
2024-10-21 08:17:07,3.8924560546875,0.6677806973457336,1.5949817895889282
2024-10-21 08:17:08,3.820831298828125,0.7240347862243652,1.7240036725997925
2024-10-21 08:17:09,3.7456512451171875,0.8093768358230591,1.9235706329345703
2024-10-21 08:17:10,3.646331787109375,0.8280014991760254,1.9990065097808838
2024-10-21 08:17:11,3.5325469970703125,0.8026241660118103,1.939650535583496
2024-10-21 08:17:12,3.425506591796875,0.7491693496704102,1.8704739809036255
2024-10-21 08:17:13,3.306304931640625,0.6961103081703186,1.757009744644165
2024-10-21 08:17:14,3.2031097412109375,0.6799784302711487,1.7211896181106567
2024-10-21 08:17:15,3.1078338623046875,0.6179335117340088,1.6026893854141235
2024-10-21 08:17:16,3.03436279296875,0.5835863947868347,1.5183937549591064
2024-10-21 08:17:17,2.9671173095703125,0.5386271476745605,1.409606695175171
2024-10-21 08:17:18,2.9192047119140625,0.4772285521030426,1.2755393981933594
2024-10-21 08:17:19,2.88128662109375,0.424085795879364,1.1541845798492432
2024-10-21 08:17:20,2.8613433837890625,0.381486713886261,1.0393884181976318
2024-10-21 08:17:20,2.8613433837890625,0.381486713886261,1.0393884181976318
2024-10-21 08:17:21,2.853607177734375,0.36712995171546936,0.9884769916534424
2024-10-21 08:17:22,2.8623809814453125,0.37607961893081665,0.9901473522186279
2024-10-21 08:17:23,2.8760528564453125,0.37327662110328674,0.9841768145561218
2024-10-21 08:17:24,2.8901214599609375,0.3596261739730835,0.9456982016563416
2024-10-21 08:17:26,2.9072113037109375,0.35677066445350647,0.93498295545578
2024-10-21 08:17:27,2.93084716796875,0.3733659088611603,0.9633126854896545
2024-10-21 08:17:28,2.95166015625,0.36556294560432434,0.9509349465370178
2024-10-21 08:17:29,2.969146728515625,0.37771347165107727,0.9716192483901978
2024-10-21 08:17:30,2.98760986328125,0.3838193714618683,0.9853744506835938
2024-10-21 08:17:31,2.99920654296875,0.3782215118408203,0.9735538363456726
2024-10-21 08:17:32,3.0111846923828125,0.3320158123970032,0.8893388509750366
2024-10-21 08:17:33,3.0214691162109375,0.4380646049976349,1.0968947410583496
2024-10-21 08:17:34,3.0283203125,0.5145832300186157,1.253075122833252
2024-10-21 08:17:35,3.0263519287109375,0.5752231478691101,1.395318627357483
2024-10-21 08:17:36,3.006591796875,0.6197119355201721,1.5040825605392456
2024-10-21 08:17:37,2.9767303466796875,0.6522013545036316,1.6138548851013184
2024-10-21 08:17:38,2.9275665283203125,0.7154000997543335,1.7226375341415405
2024-10-21 08:17:39,2.868804931640625,0.760617196559906,1.9453791379928589
2024-10-21 08:17:40,2.798004150390625,0.8155772089958191,1.9926047325134277
2024-10-21 08:17:40,2.798004150390625,0.8155772089958191,1.9926047325134277
2024-10-21 08:17:41,2.705291748046875,0.8798796534538269,2.146019220352173
2024-10-21 08:17:42,2.613861083984375,0.9367876648902893,2.2790379524230957
2024-10-21 08:17:43,2.500885009765625,0.8888617753982544,2.2139930725097656
2024-10-21 08:17:45,2.383148193359375,0.8319069743156433,2.1125099658966064
2024-10-21 08:17:46,2.2794342041015625,0.7795751094818115,2.0009584426879883
2024-10-21 08:17:47,2.17572021484375,0.7589282989501953,1.954822063446045
2024-10-21 08:17:48,2.084564208984375,0.7127384543418884,1.836082100868225
2024-10-21 08:17:49,2.0175628662109375,0.6803580522537231,1.7632230520248413
2024-10-21 08:17:50,1.9543304443359375,0.6111567616462708,1.622316598892212
2024-10-21 08:17:51,1.909637451171875,0.5638166069984436,1.4968924522399902
2024-10-21 08:17:52,1.8737335205078125,0.4897882640361786,1.3383408784866333
2024-10-21 08:17:53,1.858428955078125,0.47034013271331787,1.2774043083190918
2024-10-21 08:17:54,1.8568878173828125,0.4762542247772217,1.2677044868469238
2024-10-21 08:17:55,1.86419677734375,0.4537132680416107,1.216828465461731
2024-10-21 08:17:56,1.8763427734375,0.4593313932418823,1.2080059051513672
2024-10-21 08:17:57,1.89508056640625,0.4502581059932709,1.1956528425216675
2024-10-21 08:17:58,1.9130706787109375,0.4633232057094574,1.2115910053253174
2024-10-21 08:17:59,1.9292449951171875,0.4372482895851135,1.1565395593643188
2024-10-21 08:18:00,1.9510040283203125,0.4596337378025055,1.1959620714187622
2024-10-21 08:18:00,1.9510040283203125,0.4596337378025055,1.1959620714187622
2024-10-21 08:18:01,1.9682769775390625,0.4612636864185333,1.1842591762542725
2024-10-21 08:18:02,1.9837188720703125,0.45325201749801636,1.1862345933914185
2024-10-21 08:18:04,2.000030517578125,0.4731306731700897,1.2219023704528809
2024-10-21 08:18:05,2.0097808837890625,0.48352792859077454,1.242787480354309
2024-10-21 08:18:06,2.019378662109375,0.5595837831497192,1.3931790590286255
2024-10-21 08:18:07,2.021728515625,0.6071394085884094,1.5222328901290894
2024-10-21 08:18:08,2.013702392578125,0.6603609323501587,1.6270416975021362
2024-10-21 08:18:09,1.9917449951171875,0.7144914865493774,1.7451092004776
2024-10-21 08:18:10,1.9580841064453125,0.7524005770683289,1.841152548789978
2024-10-21 08:18:11,1.9068603515625,0.8267853260040283,2.0273633003234863
2024-10-21 08:18:12,1.84112548828125,0.868678629398346,2.1437458992004395
2024-10-21 08:18:13,1.7684478759765625,0.9574810266494751,2.3209612369537354
2024-10-21 08:18:14,1.6748809814453125,1.0154283046722412,2.468794107437134
2024-10-21 08:18:15,1.579071044921875,1.0048832893371582,2.483884572982788
2024-10-21 08:18:16,1.466827392578125,0.9754388332366943,2.4451894760131836
2024-10-21 08:18:17,1.3505401611328125,0.9218046069145203,2.3518259525299072
2024-10-21 08:18:18,1.2488555908203125,0.8736057281494141,2.2538046836853027
2024-10-21 08:18:19,1.1483917236328125,0.853524386882782,2.181654214859009
2024-10-21 08:18:20,1.063507080078125,0.7853388786315918,2.050818920135498
2024-10-21 08:18:20,1.063507080078125,0.7853388786315918,2.050818920135498
2024-10-21 08:18:22,0.996826171875,0.7437841892242432,1.9601048231124878
2024-10-21 08:18:23,0.938323974609375,0.6937044858932495,1.8335040807724
2024-10-21 08:18:24,0.8956298828125,0.6316624879837036,1.6989578008651733
2024-10-21 08:18:25,0.8723602294921875,0.5853171944618225,1.5850664377212524
2024-10-21 08:18:26,0.8585968017578125,0.5721803307533264,1.5169278383255005
2024-10-21 08:18:27,0.8606719970703125,0.5771869421005249,1.5255703926086426
2024-10-21 08:18:28,0.87237548828125,0.5531140565872192,1.470556616783142
2024-10-21 08:18:29,0.887725830078125,0.5623303651809692,1.482891321182251
2024-10-21 08:18:30,0.903411865234375,0.5568331480026245,1.4596624374389648
2024-10-21 08:18:31,0.9207916259765625,0.5404902696609497,1.4286879301071167
2024-10-21 08:18:32,0.941253662109375,0.5590162873268127,1.459782361984253
2024-10-21 08:18:33,0.962249755859375,0.5678518414497375,1.4783551692962646
2024-10-21 08:18:34,0.9793701171875,0.5790255069732666,1.499848484992981
2024-10-21 08:18:35,0.9925689697265625,0.57170569896698,1.4830988645553589
2024-10-21 08:18:36,1.0047607421875,0.5861146450042725,1.5146287679672241
2024-10-21 08:18:37,1.013427734375,0.5883413553237915,1.5205514430999756
2024-10-21 08:18:38,1.0198822021484375,0.6593160629272461,1.6591453552246094
2024-10-21 08:18:40,1.021484375,0.7455014586448669,1.8406636714935303
2024-10-21 08:18:41,1.007720947265625,0.7837908267974854,1.9466595649719238
2024-10-21 08:18:42,0.9772491455078125,0.8128354549407959,2.0310537815093994
2024-10-21 08:18:42,0.9772491455078125,0.8128354549407959,2.0310537815093994
2024-10-21 08:18:43,0.9375762939453125,0.8706315755844116,2.222914695739746
2024-10-21 08:18:44,0.88140869140625,0.9413285255432129,2.326429843902588
2024-10-21 08:18:45,0.8181304931640625,1.0053821802139282,2.4724507331848145
2024-10-21 08:18:46,0.736328125,1.0735996961593628,2.637315034866333
2024-10-21 08:18:47,0.640411376953125,1.1132439374923706,2.7517127990722656
2024-10-21 08:18:48,0.5442352294921875,1.130822777748108,2.8150177001953125
2024-10-21 08:18:49,0.4253082275390625,1.033766746520996,2.6537160873413086
2024-10-21 08:18:50,0.307403564453125,1.003848910331726,2.5464439392089844
2024-10-21 08:18:51,0.2014617919921875,0.9739243984222412,2.500058889389038
2024-10-21 08:18:52,0.1137847900390625,0.9385813474655151,2.4453489780426025
2024-10-21 08:18:53,0.034698486328125,0.8858519792556763,2.3223586082458496
2024-10-21 08:18:55,-0.0313720703125,0.8304594159126282,2.187394857406616
2024-10-21 08:18:56,-0.0821075439453125,0.772546112537384,2.0545670986175537
2024-10-21 08:18:57,-0.1182403564453125,0.7148468494415283,1.8826568126678467
2024-10-21 08:18:58,-0.1363677978515625,0.6628604531288147,1.784594178199768
2024-10-21 08:18:59,-0.139373779296875,0.6524216532707214,1.754163146018982
2024-10-21 08:19:00,-0.1304168701171875,0.6827704310417175,1.7958879470825195
2024-10-21 08:19:01,-0.1131744384765625,0.6714091897010803,1.76631498336792
2024-10-21 08:19:01,-0.1131744384765625,0.6714091897010803,1.76631498336792
2024-10-21 08:19:02,-0.0984649658203125,0.6574156880378723,1.7346398830413818
2024-10-21 08:19:03,-0.082244873046875,0.6457468271255493,1.7027815580368042
2024-10-21 08:19:04,-0.06402587890625,0.6637572050094604,1.7003982067108154
2024-10-21 08:19:05,-0.0404815673828125,0.6883798837661743,1.7750366926193237
2024-10-21 08:19:06,-0.02313232421875,0.677117109298706,1.758135199546814
2024-10-21 08:19:08,-0.0062713623046875,0.6726736426353455,1.7856389284133911
2024-10-21 08:19:09,0.004058837890625,0.6862548589706421,1.7771830558776855
2024-10-21 08:19:10,0.0126800537109375,0.6882071495056152,1.7808921337127686
2024-10-21 08:19:11,0.02294921875,0.7212967872619629,1.844077229499817
2024-10-21 08:19:12,0.026092529296875,0.7014167308807373,1.8094443082809448
2024-10-21 08:19:13,0.0294189453125,0.709540843963623,1.8277395963668823
2024-10-21 08:19:14,0.0301513671875,0.7185364365577698,1.8535850048065186
2024-10-21 08:19:15,0.028656005859375,0.7097167372703552,1.8309913873672485
2024-10-21 08:19:16,0.025726318359375,0.7099834680557251,1.8326213359832764
2024-10-21 08:19:17,0.0203094482421875,0.7012845873832703,1.8143343925476074
2024-10-21 08:19:18,0.0170135498046875,0.7160102725028992,1.8423587083816528
2024-10-21 08:19:18,0.0170135498046875,0.7160102725028992,1.8423587083816528
2024-10-21 08:19:19,0.0146484375,0.7078099250793457,1.8312712907791138
2024-10-21 08:19:20,0.0123138427734375,0.7204177379608154,1.8529092073440552
2024-10-21 08:19:21,0.00653076171875,0.7014831304550171,1.815216064453125
2024-10-21 08:19:22,0.0051727294921875,0.7193669676780701,1.8569780588150024
2024-10-21 08:19:23,0.0020294189453125,0.7072202563285828,1.827790379524231
2024-10-21 08:19:24,-0.00152587890625,0.7132993340492249,1.831350564956665
2024-10-21 08:19:26,-0.0033416748046875,0.7006582617759705,1.8125808238983154
2024-10-21 08:19:27,-0.0037078857421875,0.7063230276107788,1.8221886157989502
2024-10-21 08:19:28,-0.00872802734375,0.6816508173942566,1.760666847229004
2024-10-21 08:19:29,-0.0083160400390625,0.7044771909713745,1.8151581287384033
2024-10-21 08:19:30,-0.0089263916015625,0.6898214221000671,1.783064365386963
2024-10-21 08:19:31,-0.01007080078125,0.6797979474067688,1.766308069229126
2024-10-21 08:19:32,-0.0103912353515625,0.6826372742652893,1.7681442499160767
2024-10-21 08:19:33,-0.0085906982421875,0.6701974868774414,1.7578693628311157
2024-10-21 08:19:34,-0.0062103271484375,0.6840649843215942,1.7700426578521729
2024-10-21 08:19:35,-0.0031280517578125,0.6956692337989807,1.790281891822815
2024-10-21 08:19:36,-0.00201416015625,0.6779956817626953,1.7606074810028076
2024-10-21 08:19:37,-0.005859375,0.6644107699394226,1.7149296998977661
2024-10-21 08:19:38,-0.0029449462890625,0.6793255805969238,1.7729681730270386
2024-10-21 08:19:38,-0.0029449462890625,0.6793255805969238,1.7729681730270386
2024-10-21 08:19:39,-0.000518798828125,0.6766201257705688,1.7545056343078613
2024-10-21 08:19:40,0.0023193359375,0.6760894060134888,1.7591081857681274
2024-10-21 08:19:41,0.0041351318359375,0.6882566809654236,1.7748271226882935
2024-10-21 08:19:42,0.0006561279296875,0.6580791473388672,1.7202284336090088
2024-10-21 08:19:43,0.0006256103515625,0.6646230816841125,1.7324492931365967
2024-10-21 08:19:45,0.005584716796875,0.7053022980690002,1.8085688352584839
2024-10-21 08:19:46,0.00726318359375,0.6861744523048401,1.7738009691238403
2024-10-21 08:19:47,0.00775146484375,0.6884014010429382,1.7777124643325806
2024-10-21 08:19:48,0.0049896240234375,0.6797849535942078,1.7604811191558838
2024-10-21 08:19:49,0.0032196044921875,0.6730027198791504,1.7499690055847168
2024-10-21 08:19:50,0.004486083984375,0.6947109699249268,1.784733533859253
2024-10-21 08:19:51,0.0041351318359375,0.6892716288566589,1.7767819166183472
2024-10-21 08:19:52,0.0012969970703125,0.6771917939186096,1.7580541372299194
2024-10-21 08:19:53,0.0022735595703125,0.686314046382904,1.7728986740112305
2024-10-21 08:19:54,0.0023193359375,0.6899555921554565,1.777853012084961
2024-10-21 08:19:55,-0.0007476806640625,0.6645973920822144,1.735253930091858
2024-10-21 08:19:56,-0.00189208984375,0.6676698327064514,1.7388800382614136
2024-10-21 08:19:56,-0.00189208984375,0.6676698327064514,1.7388800382614136
2024-10-21 08:19:57,-0.00457763671875,0.6559755802154541,1.7134120464324951
2024-10-21 08:19:58,-0.0059814453125,0.668502926826477,1.7349483966827393
2024-10-21 08:19:59,-0.004364013671875,0.6864284873008728,1.7623274326324463
2024-10-21 08:20:00,-0.0039520263671875,0.6714438199996948,1.7414882183074951
2024-10-21 08:20:02,-0.0029754638671875,0.6714774370193481,1.73915696144104
2024-10-21 08:20:03,-0.0015869140625,0.674430251121521,1.7440396547317505
2024-10-21 08:20:04,-0.0029144287109375,0.6557178497314453,1.7089967727661133
2024-10-21 08:20:05,-0.0012359619140625,0.6625643372535706,1.722589135169983
2024-10-21 08:20:06,-0.0001373291015625,0.6666067242622375,1.7289847135543823
2024-10-21 08:20:07,0.0022735595703125,0.6778683662414551,1.7507518529891968
2024-10-21 08:20:08,0.003509521484375,0.6795476675033569,1.7532469034194946
2024-10-21 08:20:09,0.003326416015625,0.6593639850616455,1.7172781229019165
2024-10-21 08:20:10,0.004547119140625,0.6793889403343201,1.7597434520721436
2024-10-21 08:20:11,0.003570556640625,0.6684287190437317,1.733715295791626
2024-10-21 08:20:12,0.004364013671875,0.6694015264511108,1.7363054752349854
2024-10-21 08:20:13,0.003509521484375,0.6633483171463013,1.7267553806304932
2024-10-21 08:20:14,0.00213623046875,0.6645236611366272,1.7260116338729858
2024-10-21 08:20:15,0.003387451171875,0.6771013140678406,1.7364977598190308
2024-10-21 08:20:16,0.0041351318359375,0.6878185272216797,1.7646485567092896
2024-10-21 08:20:16,0.0041351318359375,0.6878185272216797,1.7646485567092896
2024-10-21 08:20:17,0.0040740966796875,0.6730678677558899,1.7436238527297974
2024-10-21 08:20:18,0.0070648193359375,0.6829846501350403,1.7653483152389526
2024-10-21 08:20:19,0.00750732421875,0.6719037890434265,1.7435206174850464
2024-10-21 08:20:21,0.0042877197265625,0.6483004689216614,1.7388979196548462
2024-10-21 08:20:22,-0.00152587890625,0.6599733829498291,1.7166122198104858
2024-10-21 08:20:23,7.62939453125e-05,0.6820995211601257,1.754237174987793
2024-10-21 08:20:24,0.001220703125,0.669817328453064,1.733396053314209
2024-10-21 08:20:25,-0.0007476806640625,0.6718723177909851,1.7396340370178223
2024-10-21 08:20:26,0.00311279296875,0.6832549571990967,1.7610763311386108
2024-10-21 08:20:27,0.0071868896484375,0.6871834397315979,1.770884394645691
2024-10-21 08:20:28,0.003875732421875,0.6700277924537659,1.7405743598937988
2024-10-21 08:20:29,0.00115966796875,0.6561959981918335,1.7280247211456299
2024-10-21 08:20:30,-0.002166748046875,0.666467010974884,1.7294955253601074
2024-10-21 08:20:31,-0.004150390625,0.6608190536499023,1.7153230905532837
2024-10-21 08:20:32,-0.001861572265625,0.6722737550735474,1.738006830215454
2024-10-21 08:20:33,0.00079345703125,0.6809713840484619,1.753921627998352
2024-10-21 08:20:33,0.00079345703125,0.6809713840484619,1.753921627998352
2024-10-21 08:20:34,0.0041961669921875,0.6809298396110535,1.756409764289856
2024-10-21 08:20:35,0.0050506591796875,0.6787855625152588,1.7534427642822266
2024-10-21 08:20:37,0.0077972412109375,0.680448591709137,1.759639024734497
2024-10-21 08:20:38,0.0081329345703125,0.6833570003509521,1.7648636102676392
2024-10-21 08:20:39,0.00653076171875,0.6883492469787598,1.7721935510635376
2024-10-21 08:20:40,0.0068817138671875,0.6818314790725708,1.7620232105255127
2024-10-21 08:20:41,0.0057373046875,0.6828516125679016,1.7635570764541626
2024-10-21 08:20:42,0.004791259765625,0.6887022852897644,1.7718273401260376
2024-10-21 08:20:43,0.0023956298828125,0.6701613068580627,1.7406697273254395
2024-10-21 08:20:44,0.002197265625,0.6936874985694885,1.7775325775146484
2024-10-21 08:20:45,0.001678466796875,0.6734914183616638,1.7470264434814453
2024-10-21 08:20:46,0.0008087158203125,0.6788357496261597,1.7562847137451172
2024-10-21 08:20:47,0.00189208984375,0.6914148330688477,1.7715059518814087
2024-10-21 08:20:48,0.0027618408203125,0.7018621563911438,1.794631838798523
2024-10-21 08:20:49,0.0008544921875,0.6779725551605225,1.7509205341339111
2024-10-21 08:20:50,-0.00030517578125,0.6720450520515442,1.744072675704956
2024-10-21 08:20:51,-0.0003204345703125,0.6677681803703308,1.7358020544052124
2024-10-21 08:20:53,0.001190185546875,0.6703757643699646,1.7519280910491943
2024-10-21 08:20:54,0.001220703125,0.6698724031448364,1.7416290044784546
2024-10-21 08:20:54,0.001220703125,0.6698724031448364,1.7416290044784546
2024-10-21 08:20:55,-0.00042724609375,0.6697399616241455,1.738334059715271
2024-10-21 08:20:56,0.003021240234375,0.6938550472259521,1.7774498462677002
2024-10-21 08:20:57,0.0049896240234375,0.6901423931121826,1.7741355895996094
2024-10-21 08:20:58,0.003326416015625,0.6690987944602966,1.7609691619873047
2024-10-21 08:20:59,0.0040740966796875,0.685673713684082,1.7645190954208374
2024-10-21 08:21:00,0.001953125,0.6721997261047363,1.7455474138259888
2024-10-21 08:21:01,0.0023345947265625,0.6730027198791504,1.7468231916427612
2024-10-21 08:21:02,0.002166748046875,0.6725981831550598,1.7466555833816528
2024-10-21 08:21:03,0.004608154296875,0.6945199370384216,1.7828480005264282
2024-10-21 08:21:04,0.0039215087890625,0.6727256774902344,1.7499734163284302
2024-10-21 08:21:06,0.0037994384765625,0.6760032773017883,1.7535972595214844
2024-10-21 08:21:07,0.0024566650390625,0.6626262068748474,1.7309612035751343
2024-10-21 08:21:08,0.005340576171875,0.7041963934898376,1.8015083074569702
2024-10-21 08:21:09,0.004058837890625,0.6826990246772766,1.7641488313674927
2024-10-21 08:21:10,0.006744384765625,0.69547039270401,1.7872685194015503
2024-10-21 08:21:11,0.0037384033203125,0.6813355088233948,1.7636313438415527
2024-10-21 08:21:12,0.0042572021484375,0.699521005153656,1.7912769317626953
2024-10-21 08:21:13,0.003509521484375,0.6921103596687317,1.7807831764221191
2024-10-21 08:21:14,6.103515625e-05,0.6664142608642578,1.7360657453536987
2024-10-21 08:21:15,0.0020904541015625,0.6940246224403381,1.7825404405593872
2024-10-21 08:21:16,0.00238037109375,0.6820322871208191,1.764926791191101
2024-10-21 08:21:16,0.00238037109375,0.6820322871208191,1.764926791191101
2024-10-21 08:21:17,0.00213623046875,0.6853339076042175,1.770018458366394
2024-10-21 08:21:18,0.00103759765625,0.6837034225463867,1.7663993835449219
2024-10-21 08:21:19,0.0018310546875,0.6805879473686218,1.7603665590286255
2024-10-21 08:21:20,0.00115966796875,0.7005695104598999,1.796797752380371
2024-10-21 08:21:21,0.0020904541015625,0.6899846792221069,1.7764360904693604
2024-10-21 08:21:22,0.0016021728515625,0.6828063130378723,1.7652027606964111
2024-10-21 08:21:23,0.0046844482421875,0.6895788311958313,1.7779033184051514
2024-10-21 08:21:25,0.00311279296875,0.6837856769561768,1.7690489292144775
2024-10-21 08:21:26,0.00146484375,0.678121030330658,1.7579692602157593
2024-10-21 08:21:27,0.00115966796875,0.6819409728050232,1.7638444900512695
2024-10-21 08:21:28,0.00146484375,0.6830754280090332,1.765097975730896
2024-10-21 08:21:29,0.003173828125,0.6951956748962402,1.7871226072311401
2024-10-21 08:21:30,0.0033721923828125,0.6918819546699524,1.7818100452423096
2024-10-21 08:21:31,0.001251220703125,0.6765111088752747,1.7558232545852661
2024-10-21 08:21:32,0.0001678466796875,0.6838160157203674,1.7644758224487305
2024-10-21 08:21:33,0.001617431640625,0.6799226403236389,1.75967538356781
2024-10-21 08:21:34,-0.0012664794921875,0.675176203250885,1.7206312417984009
2024-10-21 08:21:35,-0.00506591796875,0.6493937373161316,1.6984765529632568
2024-10-21 08:21:36,-0.0054168701171875,0.6692429184913635,1.732512354850769
2024-10-21 08:21:37,-0.0069732666015625,0.6530548930168152,1.7045382261276245
2024-10-21 08:21:38,-0.0060882568359375,0.665686845779419,1.7225933074951172
2024-10-21 08:21:39,-0.0024566650390625,0.6743545532226562,1.7330546379089355
2024-10-21 08:21:39,-0.0024566650390625,0.6743545532226562,1.7330546379089355
2024-10-21 08:21:41,-0.0025482177734375,0.6580281257629395,1.7125786542892456
2024-10-21 08:21:42,-0.002777099609375,0.6626458764076233,1.7214549779891968
2024-10-21 08:21:43,-0.000946044921875,0.6657803058624268,1.7277487516403198
2024-10-21 08:21:44,0.001708984375,0.6744679808616638,1.752610206604004
2024-10-21 08:21:45,0.0033111572265625,0.672351598739624,1.7427955865859985
2024-10-21 08:21:46,0.003814697265625,0.6748092174530029,1.7448450326919556
2024-10-21 08:21:47,0.0049896240234375,0.6724311113357544,1.7384599447250366
2024-10-21 08:21:48,0.0052337646484375,0.6760155558586121,1.7471134662628174
2024-10-21 08:21:49,0.003570556640625,0.6601093411445618,1.7060575485229492
2024-10-21 08:21:50,0.004486083984375,0.663639485836029,1.7274888753890991
2024-10-21 08:21:51,0.00115966796875,0.6714088320732117,1.73882257938385
2024-10-21 08:21:52,0.0042877197265625,0.6851605772972107,1.7604069709777832
2024-10-21 08:21:53,0.004058837890625,0.6644558310508728,1.7309406995773315
2024-10-21 08:21:54,0.003936767578125,0.6728011965751648,1.741445779800415
2024-10-21 08:21:55,0.006744384765625,0.6783936023712158,1.7562401294708252
2024-10-21 08:21:56,0.0055389404296875,0.6756796836853027,1.750291347503662
2024-10-21 08:21:57,0.0034332275390625,0.6697510480880737,1.7391682863235474
2024-10-21 08:21:58,0.0030670166015625,0.6747663617134094,1.7445006370544434
2024-10-21 08:22:00,0.002655029296875,0.6546292901039124,1.7098853588104248
2024-10-21 08:22:00,0.002655029296875,0.6546292901039124,1.7098853588104248
2024-10-21 08:22:01,0.0032196044921875,0.6237475872039795,1.6533563137054443
2024-10-21 08:22:02,0.00653076171875,0.5758172869682312,1.5502541065216064
2024-10-21 08:22:03,0.0149993896484375,0.5085275769233704,1.4014980792999268
2024-10-21 08:22:04,0.0364532470703125,0.46388721466064453,1.2983230352401733
2024-10-21 08:22:05,0.06500244140625,0.40929561853408813,1.1746917963027954
2024-10-21 08:22:06,0.1084442138671875,0.35278037190437317,1.0357707738876343
2024-10-21 08:22:07,0.165863037109375,0.2960514724254608,0.8968066573143005
2024-10-21 08:22:08,0.2309112548828125,0.2515915036201477,0.7874634265899658
2024-10-21 08:22:09,0.317230224609375,0.22331467270851135,0.697906494140625
2024-10-21 08:22:10,0.4197998046875,0.19885636866092682,0.632106602191925
2024-10-21 08:22:11,0.5218353271484375,0.24024735391139984,0.6684954166412354
2024-10-21 08:22:12,0.6356048583984375,0.2616424560546875,0.7326460480690002
2024-10-21 08:22:13,0.7368011474609375,0.303281307220459,0.814385175704956
2024-10-21 08:22:14,0.836090087890625,0.33426740765571594,0.8835839629173279
2024-10-21 08:22:15,0.92523193359375,0.3991159200668335,1.0177037715911865
2024-10-21 08:22:16,0.99560546875,0.43408504128456116,1.1186434030532837
2024-10-21 08:22:17,1.0554656982421875,0.4663360118865967,1.1818164587020874
2024-10-21 08:22:19,1.0985260009765625,0.5331151485443115,1.3252387046813965
2024-10-21 08:22:19,1.0985260009765625,0.5331151485443115,1.3252387046813965
2024-10-21 08:22:20,1.12493896484375,0.566664457321167,1.4114569425582886
2024-10-21 08:22:21,1.13861083984375,0.5953811407089233,1.4901243448257446
2024-10-21 08:22:22,1.1373138427734375,0.5816553235054016,1.488772988319397
2024-10-21 08:22:23,1.1295623779296875,0.5809005498886108,1.4940862655639648
2024-10-21 08:22:24,1.1160888671875,0.5999804735183716,1.5350059270858765
2024-10-21 08:22:25,1.0987091064453125,0.6087245345115662,1.558008074760437
2024-10-21 08:22:26,1.0775146484375,0.5943111181259155,1.5276802778244019
2024-10-21 08:22:27,1.059234619140625,0.5933517813682556,1.5335084199905396
2024-10-21 08:22:28,1.0417633056640625,0.5891085267066956,1.5255082845687866
2024-10-21 08:22:29,1.02459716796875,0.572909414768219,1.4908210039138794
2024-10-21 08:22:30,1.0102996826171875,0.573504626750946,1.486603856086731
2024-10-21 08:22:31,0.9976348876953125,0.5676081776618958,1.470849871635437
2024-10-21 08:22:32,0.990020751953125,0.5611092448234558,1.4645893573760986
2024-10-21 08:22:33,0.98040771484375,0.5397564172744751,1.4153088331222534
2024-10-21 08:22:34,0.974517822265625,0.5486493706703186,1.427682638168335
2024-10-21 08:22:35,0.9744873046875,0.5547106266021729,1.4374058246612549
2024-10-21 08:22:36,0.9772491455078125,0.5489858388900757,1.4289634227752686
2024-10-21 08:22:38,0.9783172607421875,0.5433951616287231,1.4274002313613892
2024-10-21 08:22:39,0.983489990234375,0.557919442653656,1.443763017654419
2024-10-21 08:22:39,0.983489990234375,0.557919442653656,1.443763017654419
2024-10-21 08:22:40,0.98748779296875,0.5441991090774536,1.414476990699768
2024-10-21 08:22:41,0.9889068603515625,0.535914957523346,1.3980549573898315
2024-10-21 08:22:42,0.99102783203125,0.5357556939125061,1.3988291025161743
2024-10-21 08:22:43,0.9952392578125,0.5511284470558167,1.4310612678527832
2024-10-21 08:22:44,1.0004425048828125,0.5610089302062988,1.446897268295288
2024-10-21 08:22:45,1.00689697265625,0.5605595707893372,1.451890468597412
2024-10-21 08:22:46,1.0091552734375,0.5602939128875732,1.4535516500473022
2024-10-21 08:22:47,1.0093841552734375,0.5653647184371948,1.4580758810043335
2024-10-21 08:22:48,1.0089569091796875,0.5503518581390381,1.4320143461227417
2024-10-21 08:22:49,1.010162353515625,0.5712313055992126,1.471581220626831
2024-10-21 08:22:50,1.0080413818359375,0.5634912252426147,1.4557218551635742
2024-10-21 08:22:51,1.0090179443359375,0.5603935718536377,1.4537872076034546
2024-10-21 08:22:52,1.0090179443359375,0.5624461770057678,1.4584465026855469
2024-10-21 08:22:53,1.0101776123046875,0.5571483373641968,1.4526981115341187
2024-10-21 08:22:54,1.009246826171875,0.566273033618927,1.4660775661468506
2024-10-21 08:22:55,1.006195068359375,0.5653972625732422,1.464850902557373
2024-10-21 08:22:57,1.0050811767578125,0.5634182691574097,1.4595947265625
2024-10-21 08:22:58,1.0034332275390625,0.5549156665802002,1.4446115493774414
2024-10-21 08:22:58,1.0034332275390625,0.5549156665802002,1.4446115493774414
2024-10-21 08:22:59,1.00445556640625,0.5644911527633667,1.4630184173583984
2024-10-21 08:23:00,1.0043487548828125,0.5696524977684021,1.458558440208435
2024-10-21 08:23:01,1.006500244140625,0.565441370010376,1.465450406074524
2024-10-21 08:23:02,1.008270263671875,0.5747486352920532,1.490861177444458
2024-10-21 08:23:03,1.0068511962890625,0.5696446895599365,1.4755133390426636
2024-10-21 08:23:04,1.0056304931640625,0.5684459209442139,1.472242832183838
2024-10-21 08:23:05,1.0053558349609375,0.5592743158340454,1.4750975370407104
2024-10-21 08:23:06,1.0047149658203125,0.5784531235694885,1.494543433189392
2024-10-21 08:23:07,1.0059814453125,0.58026123046875,1.498055100440979
2024-10-21 08:23:08,1.0040740966796875,0.5661512613296509,1.4710644483566284
2024-10-21 08:23:09,1.001708984375,0.5587376356124878,1.4587135314941406
2024-10-21 08:23:10,1.0002899169921875,0.5623885989189148,1.4725010395050049
2024-10-21 08:23:11,1.0037078857421875,0.5856271982192993,1.5071327686309814
2024-10-21 08:23:12,1.0048980712890625,0.5823373198509216,1.5002480745315552
2024-10-21 08:23:13,1.0052490234375,0.5644703507423401,1.4747828245162964
2024-10-21 08:23:14,1.0034027099609375,0.579596757888794,1.4953022003173828
2024-10-21 08:23:16,1.0062408447265625,0.5939372181892395,1.4974507093429565
2024-10-21 08:23:17,1.0070953369140625,0.5815709233283997,1.5037686824798584
2024-10-21 08:23:18,1.0058746337890625,0.5660430788993835,1.4769808053970337
2024-10-21 08:23:18,1.0058746337890625,0.5660430788993835,1.4769808053970337
2024-10-21 08:23:19,1.0040740966796875,0.5662311315536499,1.4740954637527466
2024-10-21 08:23:20,1.0032958984375,0.5767027735710144,1.490201711654663
2024-10-21 08:23:21,1.0017547607421875,0.5609809756278992,1.462424397468567
2024-10-21 08:23:22,1.000518798828125,0.5562787055969238,1.452972412109375
2024-10-21 08:23:23,1.000030517578125,0.5730632543563843,1.4822111129760742
2024-10-21 08:23:24,1.00506591796875,0.5960565805435181,1.5330150127410889
2024-10-21 08:23:25,1.006256103515625,0.587672770023346,1.5151716470718384
2024-10-21 08:23:26,1.00604248046875,0.5845556259155273,1.5087192058563232
2024-10-21 08:23:27,1.00396728515625,0.5536212921142578,1.4549527168273926
2024-10-21 08:23:28,1.0032958984375,0.5718100070953369,1.4824475049972534
2024-10-21 08:23:29,1.000396728515625,0.551179826259613,1.4431003332138062
2024-10-21 08:23:30,0.9984893798828125,0.5559049248695374,1.451564073562622
2024-10-21 08:23:31,0.9972381591796875,0.5588715672492981,1.4545700550079346
2024-10-21 08:23:32,0.999481201171875,0.5744128823280334,1.4842270612716675
2024-10-21 08:23:34,0.998992919921875,0.5460650324821472,1.4412013292312622
2024-10-21 08:23:35,0.9994659423828125,0.5620436072349548,1.4602693319320679
2024-10-21 08:23:36,1.000885009765625,0.5641032457351685,1.4640281200408936
2024-10-21 08:23:37,1.0026702880859375,0.5790759325027466,1.491511344909668
2024-10-21 08:23:38,1.0048065185546875,0.5712860226631165,1.468225359916687
2024-10-21 08:23:38,1.0048065185546875,0.5712860226631165,1.468225359916687
2024-10-21 08:23:39,1.00653076171875,0.5686926245689392,1.4748538732528687
2024-10-21 08:23:40,1.0064697265625,0.5755893588066101,1.4883769750595093
2024-10-21 08:23:41,1.0067291259765625,0.5775551795959473,1.4922105073928833
2024-10-21 08:23:42,1.009368896484375,0.5962764620780945,1.5303854942321777
2024-10-21 08:23:43,1.0085906982421875,0.5746055245399475,1.4816668033599854
2024-10-21 08:23:44,1.0047149658203125,0.5425190925598145,1.4292848110198975
2024-10-21 08:23:45,1.0039520263671875,0.5652881264686584,1.4693881273269653
2024-10-21 08:23:46,1.0047149658203125,0.5749421119689941,1.488020658493042
2024-10-21 08:23:47,1.0012664794921875,0.5575127005577087,1.4553170204162598
2024-10-21 08:23:48,1.0029449462890625,0.570244550704956,1.4992262125015259
2024-10-21 08:23:49,1.00323486328125,0.5622338056564331,1.465381145477295
2024-10-21 08:23:50,1.0042724609375,0.5725173354148865,1.485158920288086
2024-10-21 08:23:51,1.0040283203125,0.5661950707435608,1.4750702381134033
2024-10-21 08:23:53,1.007293701171875,0.5867948532104492,1.515822172164917
2024-10-21 08:23:54,1.007354736328125,0.5802030563354492,1.502294898033142
2024-10-21 08:23:55,1.00469970703125,0.5519320964813232,1.4495582580566406
2024-10-21 08:23:56,1.0038909912109375,0.5736708045005798,1.4883358478546143
2024-10-21 08:23:57,1.005462646484375,0.5857183933258057,1.5155824422836304
2024-10-21 08:23:58,1.0075836181640625,0.5954988598823547,1.5332653522491455
2024-10-21 08:23:58,1.0075836181640625,0.5954988598823547,1.5332653522491455
2024-10-21 08:23:59,1.0069580078125,0.5692417025566101,1.4869407415390015
2024-10-21 08:24:00,1.0075836181640625,0.5756052732467651,1.4970083236694336
2024-10-21 08:24:01,1.006378173828125,0.5732282996177673,1.4933892488479614
2024-10-21 08:24:02,1.0052032470703125,0.5694625377655029,1.4872820377349854
2024-10-21 08:24:03,1.0055694580078125,0.594719648361206,1.5297348499298096
2024-10-21 08:24:04,1.0043792724609375,0.5735876560211182,1.4926517009735107
2024-10-21 08:24:05,1.005462646484375,0.5848141312599182,1.508724570274353
2024-10-21 08:24:06,1.00335693359375,0.5610617995262146,1.4694993495941162
2024-10-21 08:24:07,1.003173828125,0.5836571455001831,1.5093063116073608
2024-10-21 08:24:08,1.001861572265625,0.5750702023506165,1.4952244758605957
2024-10-21 08:24:09,0.9995269775390625,0.5697944760322571,1.482624888420105
2024-10-21 08:24:10,0.9998626708984375,0.5822446942329407,1.495129108428955
2024-10-21 08:24:12,1.00286865234375,0.590009868144989,1.5245863199234009
2024-10-21 08:24:13,1.006011962890625,0.5900977253913879,1.527652382850647
2024-10-21 08:24:14,1.0030364990234375,0.5677606463432312,1.4819605350494385
2024-10-21 08:24:15,1.001800537109375,0.5775002837181091,1.4969481229782104
2024-10-21 08:24:16,1.0030517578125,0.5698075294494629,1.521156907081604
2024-10-21 08:24:17,1.0076446533203125,0.5925338864326477,1.5318043231964111
2024-10-21 08:24:18,1.006500244140625,0.5736358761787415,1.4951454401016235
2024-10-21 08:24:19,1.0083465576171875,0.5891306400299072,1.5278725624084473
2024-10-21 08:24:20,1.008880615234375,0.5874358415603638,1.525935411453247
2024-10-21 08:24:20,1.008880615234375,0.5874358415603638,1.525935411453247
2024-10-21 08:24:21,1.0061187744140625,0.5728370547294617,1.4946892261505127
2024-10-21 08:24:22,1.0042724609375,0.569398045539856,1.5027772188186646
2024-10-21 08:24:23,1.0056304931640625,0.596368134021759,1.5420414209365845
2024-10-21 08:24:24,1.0044097900390625,0.5904445052146912,1.5273871421813965
2024-10-21 08:24:25,1.0030059814453125,0.5827253460884094,1.514320969581604
2024-10-21 08:24:26,1.001556396484375,0.5784154534339905,1.498282790184021
2024-10-21 08:24:27,1.0030975341796875,0.5856923460960388,1.5261636972427368
2024-10-21 08:24:28,1.001861572265625,0.5731331706047058,1.4945563077926636
2024-10-21 08:24:30,1.002288818359375,0.581291913986206,1.5125033855438232
2024-10-21 08:24:31,1.001861572265625,0.5621886253356934,1.474331259727478
2024-10-21 08:24:32,1.000152587890625,0.5726224780082703,1.479463815689087
2024-10-21 08:24:33,0.9993743896484375,0.58098965883255,1.5077462196350098
2024-10-21 08:24:34,1.000091552734375,0.5678194761276245,1.482231616973877
2024-10-21 08:24:35,1.0006561279296875,0.5935668349266052,1.5298765897750854
2024-10-21 08:24:36,0.999664306640625,0.5601575970649719,1.4688054323196411
2024-10-21 08:24:37,0.9986114501953125,0.5562406778335571,1.4591890573501587
2024-10-21 08:24:38,0.9990386962890625,0.5726928114891052,1.4888697862625122
2024-10-21 08:24:39,1.0001068115234375,0.5659895539283752,1.4757755994796753
2024-10-21 08:24:40,1.0019989013671875,0.5775925517082214,1.4976286888122559
2024-10-21 08:24:41,1.002197265625,0.5680697560310364,1.480718731880188
2024-10-21 08:24:41,1.002197265625,0.5680697560310364,1.480718731880188
2024-10-21 08:24:42,1.003173828125,0.5718979835510254,1.4868583679199219
2024-10-21 08:24:43,1.0035858154296875,0.5678855180740356,1.4818357229232788
2024-10-21 08:24:44,1.0040283203125,0.5774455666542053,1.4989144802093506
2024-10-21 08:24:45,1.0029144287109375,0.565295934677124,1.47547447681427
2024-10-21 08:24:46,1.0054473876953125,0.5750552415847778,1.4964195489883423
2024-10-21 08:24:47,1.00689697265625,0.5781010985374451,1.5029561519622803
2024-10-21 08:24:49,1.0063018798828125,0.5748104453086853,1.4983285665512085
2024-10-21 08:24:50,1.0048980712890625,0.5679111480712891,1.4817208051681519
2024-10-21 08:24:51,1.00384521484375,0.5740770101547241,1.4921653270721436
2024-10-21 08:24:52,1.0053863525390625,0.5869347453117371,1.5186777114868164
2024-10-21 08:24:53,1.0080108642578125,0.600591778755188,1.5484576225280762
2024-10-21 08:24:54,1.0088958740234375,0.5858026146888733,1.5234293937683105
2024-10-21 08:24:55,1.007415771484375,0.5770555734634399,1.504711627960205
2024-10-21 08:24:56,1.0046539306640625,0.565940260887146,1.483412504196167
2024-10-21 08:24:57,1.0063629150390625,0.5844520926475525,1.5196819305419922
2024-10-21 08:24:58,1.006683349609375,0.5856565237045288,1.5228691101074219
2024-10-21 08:24:59,1.005126953125,0.5691370964050293,1.5107076168060303
2024-10-21 08:25:00,1.005523681640625,0.5856180787086487,1.5203032493591309
2024-10-21 08:25:01,1.0076446533203125,0.6058427095413208,1.5616382360458374
2024-10-21 08:25:02,1.006317138671875,0.5796640515327454,1.513770341873169
2024-10-21 08:25:02,1.006317138671875,0.5796640515327454,1.513770341873169
2024-10-21 08:25:03,1.0053863525390625,0.5846272110939026,1.5239371061325073
2024-10-21 08:25:04,1.0034637451171875,0.5781524777412415,1.505125641822815
2024-10-21 08:25:05,1.0051422119140625,0.5865957140922546,1.5275992155075073
2024-10-21 08:25:06,1.0021209716796875,0.5721846222877502,1.4947177171707153
2024-10-21 08:25:08,1.001800537109375,0.555549681186676,1.466284155845642
2024-10-21 08:25:09,1.00384521484375,0.5406263470649719,1.4274730682373047
2024-10-21 08:25:10,1.0082244873046875,0.4746101200580597,1.2717961072921753
2024-10-21 08:25:11,1.0231475830078125,0.42333877086639404,1.1797330379486084
2024-10-21 08:25:12,1.0451812744140625,0.3775031864643097,1.0589516162872314
2024-10-21 08:25:13,1.0823516845703125,0.326946496963501,0.9451447129249573
2024-10-21 08:25:14,1.1336822509765625,0.2781425714492798,0.8272252082824707
2024-10-21 08:25:15,1.1894378662109375,0.20620766282081604,0.6657751202583313
2024-10-21 08:25:16,1.262664794921875,0.15459862351417542,0.5344377160072327
2024-10-21 08:25:17,1.34161376953125,0.10645828396081924,0.4150715172290802
2024-10-21 08:25:18,1.4435272216796875,0.10847969353199005,0.39157697558403015
2024-10-21 08:25:19,1.556854248046875,0.16546060144901276,0.4874623715877533
2024-10-21 08:25:20,1.663604736328125,0.20867310464382172,0.570520281791687
2024-10-21 08:25:21,1.7761993408203125,0.26186561584472656,0.6840755343437195
2024-10-21 08:25:22,1.866729736328125,0.2840312719345093,0.7380378246307373
2024-10-21 08:25:23,1.951812744140625,0.31265491247177124,0.8056106567382812
2024-10-21 08:25:24,2.0224456787109375,0.3644983172416687,0.9138603806495667
2024-10-21 08:25:24,2.0224456787109375,0.3644983172416687,0.9138603806495667
2024-10-21 08:25:25,2.0728607177734375,0.4200100302696228,1.0463017225265503
2024-10-21 08:25:27,2.1115570068359375,0.4521559178829193,1.1309350728988647
2024-10-21 08:25:28,2.1316986083984375,0.5058605670928955,1.2649869918823242
2024-10-21 08:25:29,2.1373138427734375,0.5205910801887512,1.291268229484558
2024-10-21 08:25:30,2.1318817138671875,0.5131587386131287,1.293897032737732
2024-10-21 08:25:31,2.123016357421875,0.5295699834823608,1.3314560651779175
2024-10-21 08:25:32,2.114776611328125,0.5628640651702881,1.403116226196289
2024-10-21 08:25:33,2.0984649658203125,0.527468740940094,1.3460484743118286
2024-10-21 08:25:34,2.0759429931640625,0.5125686526298523,1.3231459856033325
2024-10-21 08:25:35,2.0552978515625,0.5204923152923584,1.334275484085083
2024-10-21 08:25:36,2.037933349609375,0.5113369822502136,1.3165987730026245
2024-10-21 08:25:37,2.01446533203125,0.4767692983150482,1.2466446161270142
2024-10-21 08:25:38,1.998443603515625,0.48019832372665405,1.2559365034103394
2024-10-21 08:25:39,1.9897003173828125,0.4818422496318817,1.2516040802001953
2024-10-21 08:25:40,1.969146728515625,0.41265419125556946,1.119139313697815
2024-10-21 08:25:41,1.9557952880859375,0.3973672688007355,1.0750608444213867
2024-10-21 08:25:42,1.95062255859375,0.41568171977996826,1.0870057344436646
2024-10-21 08:25:43,1.9521636962890625,0.42355793714523315,1.114404320716858
2024-10-21 08:25:44,1.9552459716796875,0.41299355030059814,1.0935724973678589
2024-10-21 08:25:44,1.9552459716796875,0.41299355030059814,1.0935724973678589
2024-10-21 08:25:46,1.962066650390625,0.4156222939491272,1.0975542068481445
2024-10-21 08:25:47,1.967437744140625,0.41426751017570496,1.0909827947616577
2024-10-21 08:25:48,1.9756927490234375,0.4254339933395386,1.1091262102127075
2024-10-21 08:25:49,1.98431396484375,0.4336022734642029,1.1285086870193481
2024-10-21 08:25:50,1.993011474609375,0.4312038719654083,1.127551794052124
2024-10-21 08:25:51,1.9983367919921875,0.41853809356689453,1.1053671836853027
2024-10-21 08:25:52,2.0011444091796875,0.4241000711917877,1.1129157543182373
2024-10-21 08:25:53,2.004486083984375,0.41995710134506226,1.1091371774673462
2024-10-21 08:25:54,2.00921630859375,0.44387197494506836,1.1480244398117065
2024-10-21 08:25:55,2.0127105712890625,0.4408952295780182,1.1454334259033203
2024-10-21 08:25:56,2.0114898681640625,0.42562294006347656,1.119625210762024
2024-10-21 08:25:57,2.0128021240234375,0.4398720860481262,1.14656662940979
2024-10-21 08:25:58,2.0138397216796875,0.44568875432014465,1.1553068161010742
2024-10-21 08:25:59,2.01544189453125,0.4441889822483063,1.1580175161361694
2024-10-21 08:26:00,2.0180816650390625,0.47010841965675354,1.203959345817566
2024-10-21 08:26:01,2.0188140869140625,0.4501352608203888,1.1762951612472534
2024-10-21 08:26:02,2.0183868408203125,0.46965038776397705,1.2142918109893799
2024-10-21 08:26:04,2.0166778564453125,0.4655180871486664,1.205365777015686
2024-10-21 08:26:05,2.0142669677734375,0.451204389333725,1.180210828781128
2024-10-21 08:26:05,2.0142669677734375,0.451204389333725,1.180210828781128
2024-10-21 08:26:06,2.0114288330078125,0.4491488039493561,1.179680347442627
